Title,First_Name,Last_Name,Cust_ID,Street_Address,Area,Post_Code,Telephone,Depart_Date,Days,Yacht_ID
Mr,Finley,Kosar,1580,27 Culmore Cross,Marden,TN21 1ZL,77009001111,12/6/2022,14,SY0182
Ms,Caitlin,Anderson,1322,34 Portelet Road,Southwell,KA8 9LJ,77009001122,26/07/2022,8,SY098
Mr,Christopher,Washington,1323,108 Chatsworth Way,New Milton,BH25 6GY,77009001133,7/5/2022,10,SY026
Mrs,Nicola,Leighton,1330,108 St Maurices Road,Preston,CT3 8BR,77009001152,7/5/2022,14,SY118
Mr,David,Ellis,1338,15 Omega Place,Hatfield,ML6 0XP,77009001154,23/06/2022,14,SY094
Mr,William,Lockhart,1340,9 Dovehouse Street,Aberdovy,GR4 4DG,77009001158,20/08/2022,12,SY032
Ms,Alisha,Griffin,1348,150 Gledhow Terrace,Easington,HU12 8WL,77009001159,7/6/2022,16,SY090
Mr,Kurt,Herrmann,1352,101 Moulton Road,Sleaford,YO18 6NW,77009001162,14/05/2022,14,SY107
Ms,Pedro,Fernandes,1357,3 Balsham Road,Arundel,S41 3LY,77009001166,22/05/2022,15,SY039
Mrs,Lauren,George,1358,85 Havant Arcade,Holywell,BN17 8EH,77009001171,21/08/2022,14,SY098
Mr,Ben,Dagless,1361,145 Abbey Terrace,Waltham,PE23 9YA,77009001174,24/06/2022,7,SY003
Mr,David,Hope,1363,132 Wadham Road,Burnley,AB1 6QW,77009001214,14/05/2022,16,SY087
Mrs,Madeleine,Davey,1367,81 North Cromwell Park,Oakham,TR62 2ZL,77009001232,29/08/2022,10,SY085
Miss,Marta,Pestano,1368,132 St James Boulevard,Sandwich,LN8 1ER,77009001233,3/6/2022,15,SY041
Mr,Jaiden,Overton,1374,29 Trafalgar Road,Radcliffe,HU12 9BH,77009001249,5/8/2022,8,SY043
Ms,Thanush,Hermansen,1376,145 Trinity Crescent,Elsing,CW11 4DW,77009001251,31/05/2022,21,SY114
Ms,Luke,Taylor,1379,54 Cherry Place,Winchcester,WR34 4JU,77009001257,26/06/2022,15,SY051
Mr,Hiyam,Akhtar,1382,147 Greyfriars Road,Holbeach,OX77 1XA,77009001262,12/7/2022,15,SY037
Mr,Gurdeep,Agrawal,1384,125 Westbourne Grove Mews,Stroud,BA25 6LW,77009001274,24/06/2022,14,SY031
Dr,Abigail,Buchanan,1387,17 Dagnall Street,Burnell,DE96 8QS,77009001286,10/6/2022,7,SY054
Mr,Annelise,Stephenson,1388,22 Uxbridge Road,Wembworthy,SK12 4RR,77009001287,10/6/2022,14,SY104
Mr,Scott,Newman,1392,42 Fairfield Road,Hitchin,ST68 5RE,77009001311,17/07/2022,8,SY094
Mrs,Narsimha,Begum,1398,46 Granby Street,Ottery,HP10 9FN,77009001314,9/7/2022,12,SY030
Mrs,Maya,Alexander,1401,67 Greenland Road,Forder Green,PE23 8JJ,77009001326,9/7/2022,8,SY086
Mr,Samuel,Blumenthal,1403,119 Gloucester Place,Earlswood,NP6 8ZT,77009001334,7/5/2022,21,SY104
Ms,Rafael,Delgado,1405,50 Southlands Road,Salford,SY18 6UW,77009001349,7/8/2022,18,SY042
Mr,Nicolae,Carmichael,1406,72 Bardsey Place,Hensingham,CA28 0ZG,77009001359,9/9/2022,10,SY003
Mr,Lewis,Griffin,1407,35 Petworth Road,Eaglesfield,CA13 3DP,77009001368,19/06/2022,10,SY072
Mr,Jasmin,Zaman,1412,100 Werrington Street,Ravenglass,RG17 9ES,77009001373,7/5/2022,8,SY045
Mr,Wesley,Cowell,1413,148 Woodstock Terrace,Rackenford,BD13 5FG,77009001383,1/6/2022,15,SY034
Mr,Joshua,Littlewood,1421,130 Rossendale Street,Grosmont,FK22 1XF,77009001384,7/5/2022,21,SY108
Mr,Heinrich,Koch,1426,93 Manor Place,Christechurch,DL10 4XU,77009001387,12/8/2022,10,S2Y015
Mrs,Margaret,De Villiers,1430,120 Stone Cellar Road,Boraston,BR16 6ZB,77009001391,7/5/2022,18,SY001
Mr,Demi,Dugdale,1433,119 Seafield Street,Buttington,SA64 3TZ,77009001392,7/5/2022,21,SY028
Mr,Keiman,Pascual,1434,65 Bolingbroke Road,Monmouth,IV27 2HN,77009001395,30/07/2022,10,SY047
Mr,Jonathan,Allen,1439,64 Becklow Gardens,Landford,CH4 2PU,77009001393,12/8/2022,14,SY094
Mrs,Chantelle,Chiva,1445,130 Godwin Street,Bodiam,SY21 2SH,77009001425,17/05/2022,8,SY027
Mr,Corey,Buist,1446,47 Rutherford Street,Penrith,DT2 9NN,77009001432,8/6/2022,10,SY105
Mr,Jordan,Connolly,1447,39 William Street,Heath End,KT18 0BW,77009001439,25/07/2022,14,SY009
Mr,Cameron,Kousar,1451,37 Bethwin Road,Chatham,HPR7 7NR,77009001441,13/07/2022,14,SY048
Mrs,Hayley,Dugdale,1456,95 Sutton Street East,Galmpton,TQ7 4BU,77009001443,3/9/2022,14,SY104
Mr,Oliver,Atkinson,1463,57 Springfield Lane,Christechurch,DL54 5ZZ,77009001448,18/07/2022,14,SY021
Ms,Samantha,Grant,1464,14 Elystan Place,Tavistock,GL35 4BL,77009001449,15/06/2022,14,SY010
Mrs,Charlotte,Balint,1845,84 Penrose Grove,Beaconsfield,BC2 6XG,77009001456,6/9/2022,14,SY018
Mr,Constanza,Sanchez,1474,58 Bazely Street,Catterick,DG10 0FZ,77009001462,8/7/2022,21,SY047
Ms,Mateo,Cordero,1476,97 Curtis Street,Knighton,PL9 1AJ,77009001463,24/08/2022,10,SY119
Ms,Poppy,Bailey,1478,144 Lower Harden Street,Bishopstone,TF31 8NG,77009001487,20/07/2022,10,SY109
Miss,Shazia,Rabbani,1482,2 Whichcote Street,Saffron,SY33 2BZ,77009001489,23/07/2022,20,SY002
Mr,Cameron,Thompson,1484,16 Jersey Terrace,Buckingham,NG32 8GR,77009001499,17/06/2022,20,SY049
Mr,Leo,Khumalo,1486,138 Abbey Road,Folkingham,TA21 4RZ,77009001511,3/8/2022,10,SY063
Ms,Edward,Vaughan,1492,105 Henry Street,Royston,RG30 9EU,77009001521,30/05/2022,4,SY043
Mrs,Camellia,Campanella,1496,24 Frederick Place,Shillingford,OX9 9UB,77009001529,1/7/2022,10,SY016
Mr,Christian,Abbas,1497,45 Bordale View,Royston,RG27 4RF,77009001534,7/7/2022,8,SY066
Ms,Natasha,Blanchard,1498,116 Edison Square,Calverhall,SY13 7JX,77009001541,21/05/2022,11,SY052
Mr,Kaito,Hashimoto,1499,111 Plympton Road,Dereham,NG61 5RR,77009001547,4/6/2022,21,SY100
Mr,Christopher,Akhtar,1501,135 Rhosddu Road,Farnborough,AB7 1PT,77009001552,17/06/2022,10,SY081
Ms,Tobias,Bauer,1510,35 Grenoble Road,Brentwood,AB31 9FY,77009001553,16/08/2022,14,SY116
Mr,Jude,Kaplan,1514,57 Golf Road,Burnell,DE73 9JJ,77009001562,31/08/2022,10,SY002
Mr,Lars,Van de Berg,1515,130 Fosse Way,Middleham,SP27 0UG,77009001567,7/5/2022,12,SY054
Ms,Ruby,Jackson,1516,46 Abingdon Road,Bramshill,TN16 2WH,77009001569,24/06/2022,14,SY044
Mr,Evan,Cook,1518,102 Lyndhurst Road,Woburn,DG7 0EZ,77009001575,14/05/2022,21,SY073
Mr,Ariadna,Santiago,1519,86 Ernest Avenue,Tavistock,GL23 3DP,77009001591,27/07/2022,14,SY105
Dr,Alina,Mullner,1520,17 Greenwell Street,Billingshurst,RH14 4US,77009001599,26/06/2022,15,SY002
Miss,Thierry,Hoffmann,1523,76 Park Row,Dunmow,NP12 7BA,77009001619,17/08/2022,18,SY004
Miss,Mya,Leyshon,1525,109 New Dover Road,Walden,DT21 2ZP,77009001625,30/05/2022,14,SY106
Miss,Sophie,Paterson,1529,143 Chapel Market,Borrowfield,WR12 8FH,77009001635,19/05/2022,8,SY054
Mr,Lucas,Sullivan,1534,31 Worgan Street,Upper Burgate,SP6 1BU,77009001639,5/6/2022,21,SY074
Mr,Benjamin,Haynes,1536,86 Hull Road,Hastings,KA4 2XW,77009001644,13/08/2022,12,SY084
Mrs,Sophia,Bray,1538,60 Guild Street,Pershore,PE77 3YP,77009001647,26/07/2022,10,SY076
Mrs,Musrat,Amin,1544,108 Chestnut Court,Totnes,NA19 9PZ,77009001648,7/5/2022,28,SY111
Mrs,Emily,Knight,1547,35 Seymour Street,Berwick,AB53 5JA,77009001659,18/07/2022,16,SY089
Mrs,Savannah,Davison,1548,36 Ash Lane,Stratton,IV14 3JG,77009001667,21/08/2022,8,SY063
Mrs,Katie,Fleming,1555,37 Littlebury Road,Winthorpe,PA31 1NE,77009001668,18/07/2022,14,SY085
Mrs,Rosie,Dean,1556,34 Kingsbury Terrace,Cheltenham,EC3A 8FS,77009001677,7/7/2022,14,SY073
Mr,Tommy,Smith,1561,98 Hedworth Street,Yarmouth,NP5 4DG,77009001692,19/07/2022,21,SY115
Mrs,Chelsea,Anderson,1562,137 Argyle Walk,Shaftesbury,EH23 4AR,77009001693,31/05/2022,7,SY099
Miss,Samantha,Belanger,1565,142 Chapel Lane,Taunton,SL5 5AA,77009001714,15/06/2022,15,SY040
Mrs,Lydia,Gray,1566,38 Chester Square Mews,Hulne,NE12 2LU,77009001715,22/07/2022,10,SY073
Mr,Alexander,Dumont,1567,54 Foregate Street,Chatham,HP28 6DX,77009001719,28/07/2022,21,SY006
Mr,Florin,Bolboaca,1569,144 Douglas Place,Stainton,DL80 0GT,77009001729,7/6/2022,20,SY101
Mr,Jake,Howe,1571,105 Hertford Street,Rowberrow,BS70 3EU,77009001733,21/05/2022,21,SY081
Mrs,Angelika,Chlebek,1573,135 Charterhouse Street ,Burscough Bridge,L40 7HH,77009001738,22/08/2022,7,SY056
Ms,Phillip,Bryant,1574,60 Woodbury Close,Horsley Cross,PE17 1GN,77009001744,24/07/2022,8,SY045
Mr,Sian,Reeves,1576,68 Yorkshire Road,Brierfield,BB10 6HP,77009001752,15/07/2022,15,SY039
Mr,Archie,Fraser,1577,80 Harben Road,Bamford,S30 7LH,77009001755,7/8/2022,10,SY095
Mr,William,Harding,1579,18 Sandyhill Road,Pershore,PE2 3UH,77009001764,30/06/2022,10,SY075
Mrs,Elodie,Huntly,1586,1 Kennard Street,Colwinston,CF71 8NQ,77009001765,7/5/2022,14,SY067
Mr,Jackson,Rodrigues,1587,102 Watergate Walk,Derby,PA37 0FU,77009001769,7/5/2022,16,SY112
Mr,Tyler,Heaton,1592,82 Lanyard Street,Bickerton,SY21 2UX,77009001773,10/8/2022,18,SY028
Ms,Abigail,Cole,1593,86 Albert Drive,Wisbech,NE65 6ZS,77009001775,5/8/2022,24,SY007
Ms,Rayan,Kousar,1595,29 Green Bank,Rainham,RM13 9LZ,77009001778,7/8/2022,8,SY037
Mr,Jaroslav,Laska,1601,48 Winsland Street,Landford,CH5 7QF,77009001782,30/06/2022,9,SY052
Mrs,Sophie,Cooke,1610,54 Lendal Terrace,Pickering,PA9 0QA,77009001783,17/08/2022,7,SY110
Mr,Herman,Fredriksen,1612,20 Damien Street,Dereham,NG11 5FA,77009001785,18/06/2022,15,SY118
Ms,Amelia,McCarthy,1613,92 Urlwin Street,Hastings,KA6 8RA,77009001787,20/08/2022,14,SY011
Mrs,Tammy,Anderson,1616,33 Wyndham Avenue,Canderbury,SP3 7FR,77009001788,29/08/2022,8,S2Y024
Mr,Afreen,Akhtar,2761,122 Burman Court,Hulne,NE5 1NU,77009001816,17/05/2022,10,SY018
Mr,Fernando,Samaniego,1621,63 Maidenstone Hill,Diddlebury,SY7 6SW,77009001818,21/07/2022,14,SY032
Miss,Minenhle,Govender,1623,18 Phoenix Street,Chillingham,HS3 3WN,77009001828,13/06/2022,10,SY047
Ms,Olivia,Wood,1624,146 Callcott Street,Plumpton Green,BN7 3ZX,77009001833,9/6/2022,8,SY049
Mrs,Lily,Schofield,1627,147 Dairy Lane,Gloucester,SY10 2NU,77009001849,21/05/2022,28,SY079
Mrs,Paige,Robertson,1628,10 Drake Road,Wrotham,BN32 9LH,77009001852,7/5/2022,21,SY088
Miss,Paige,Meakin,1631,135 Manor Way,Wayford,BA16 4FL,77009001856,24/06/2022,10,SY015
Ms,Amber,Farmer,1634,145 Furley Road,Welborne,KW12 9QQ,77009001883,4/6/2022,16,SY075
Mr,Bediniska,Cretu,1636,58 Myrtle Cottages,Landford,CH17 2DG,77009001891,7/8/2022,14,SY029
Mr,Justin,Lachman,1641,148 Angrave Terrace,Landercost,WS13 7WE,77009001892,7/5/2022,15,SY036
Mr,Andras,Kovacs,2924,61 Cedar Road,Barborough,WA33 1QQ,77009001916,5/8/2022,14,SY018
Mr,Mohammad,Lambert,1646,30 Guildry Street,Compton,RG32 0BX,77009001925,4/7/2022,7,SY011
Mr,Ariadna,Donaldson,1647,44 Gonvena Hill,Alford,GL3 7HB,77009001932,17/07/2022,21,SY057
Mrs,Francesca,Jones,1649,35 Church Rise,Benfleet,NR4 1JZ,77009001936,13/08/2022,8,SY063
Mr,Daniel,Doyle,1650,138 Buckfast Street,Appleby,DG3 0TL,77009001945,15/05/2022,10,SY045
Mr,Kabir,Singh,1653,149 Ladbroke Mews,Barborough,WA11 7EQ,77009001944,29/05/2022,10,SY036
Mr,Zhou,Zheng,1655,99 Cornwall Avenue,Wenlock,SA13 1RW,77009001948,1/9/2022,10,SY051
Mr,Ryan,Copeland,3007,121 Bridge Street,Goodnestone,ME13 9ZJ,77009001959,7/5/2022,10,SY018
Mrs,Nadir,Ali,1657,129 Pier Road,Stainton,DL15 6DJ,77009001963,18/06/2022,10,SY064
Mrs,Isabella,Lyons,1667,48 Rogate Road,Kearstwick,LA6 2LR,77009001976,24/06/2022,10,SY076
Ms,Louise,Boyle,1669,25 Brewer Street,North Bersted,PO22 7SD,77009001985,22/06/2022,8,SY078
Mr,Carlos,Diaz,1671,132 Davids Lane,Grosmont,FK17 1ZS,77009001994,1/7/2022,8,SY063
Miss,Cachelle,De Luca,3098,23 Earls Avenue,Whiteleys,DG9 7TL,77009002117,27/05/2022,16,SY018
Ms,Paige,Robertshaw,1675,140 Church Gate,Axbridge,TN13 6WW,77009002115,3/6/2022,21,SY024
Mr,Oliver,Hargreaves,1679,19 Magdalen Road,Abberton,CO6 5AG,77009002116,27/06/2022,10,SY066
Mr,Federico,Mancini,1688,139 Lincoln Green Lane,Chigwell,LL65 7JW,77009002119,23/06/2022,8,SY037
Ms,Nicole,Morley,1691,109 Jubilee Drive,Castlethorpe,MK19 2GA,77009002125,8/6/2022,10,SY095
Mrs,Helena,Krause,1694,150 Sussex Gardens,Long Riston,HU11 8ZE,77009002132,12/7/2022,16,SY006
Ms,Birgitte,Gallagher,1695,106 Joline Hill,Upper Burgate,SP55 0EG,77009002147,29/05/2022,15,SY047
Mr,Hayden,Abrahamson,1697,78 Gloucester Drive,Craigmaud,AB43 4WT,77009002156,17/07/2022,28,SY103
Ms,Natasha,Crawford,1698,134 Swinton Place,Carnarvon,NE46 1JD,77009002165,23/06/2022,8,SY077
Mr,Nikolai,Arnseen,1701,148 Clare Terrace,Great Malvern,ST14 2PR,77009002188,26/06/2022,7,SY055
Mr,William,Booth,1703,150 Sutton Wick Lane,Dorchester,DD10 5GU,77009002179,19/06/2022,15,SY035
Ms,Thibault,Coulthard,1706,72 Pulham Place,Holworth,DT2 2SU,77009002192,23/08/2022,12,SY052
Ms,Chantelle,Loughty,1713,20 Clarence Avenue,Epping,EP3 4QX,77009002195,29/05/2022,10,SY022
Ms,Oleksandra,Silchenko,1715,140 Willow Way,Crediton,SO8 9EF,77009002211,4/7/2022,10,SY037
Mrs,Abbie,King,1718,101 Eccleston Street ,Furness,TA17 5XT,77009002212,7/5/2022,21,SY071
Miss,Kimberley,Farah,1721,26 Northgate Street,Dereham,NG22 2UR,77009002224,8/8/2022,10,SY014
Mr,Ji-woo,Jung,1729,88 Constitution Street,Sutton,DN3 9ZS,77009002231,22/09/2022,8,SY060
Mr,Johannes,Schulze,1731,114 Ashby Grove,Yarm,SN21 3WW,77009002242,18/05/2022,14,SY061
Mr,Michael,Dabin,1736,72 Bempton Street,Kimbolton,RH8 4SL,77009002256,11/7/2022,21,SY051
Mr,Paul,Tervit,1737,114 Greenfield Street,Ranby,DN22 6ZU,77009002261,24/05/2022,14,SY116
Mr,Luca,Jansen,1740,88 Guildford Place,Grosmont,FK13 2NZ,77009002277,31/08/2022,14,SY109
Mr,Marius,Banba,1742,94 Aldred Street,Bampton,BM10 6TS,77009002291,27/06/2022,10,SY013
Mr,Lucas,Alexander,1746,91 Hamilton Close,Lunan,DD11 2PQ,77009002292,9/8/2022,16,SY087
Ms,Jasmine,Thomas,1752,34 Corrall Road,Harrow,FK4 8AD,77009002315,1/6/2022,10,SY087
Mr,Connor,Murphy,1755,84 Herbert Street,Holt,NR13 9RU,77009002359,18/07/2022,12,SY059
Mr,Thomas,Murphy,1756,127 Brookside Crescent,Broughton Moor,CA17 1YY,77009002363,15/06/2022,8,SY014
Ms,Aimee,Cartwright,1757,141 Nottingham Road,Framlingham,CA46 0DP,77009002365,2/6/2022,14,SY076
Ms,Taavetti,Fazekas,1760,55 Finsen Road,Widnes,WA6 5UT,77009002366,2/8/2022,12,SY052
Mr,Jonah,Zamfir,1762,118 Well Lane,Spalding,PE31 9RG,77009002368,22/05/2022,10,SY033
Miss,Madison,Samuelson,1763,33 Portobello Place,Newport,LS13 2AX,77009002374,15/07/2022,8,SY054
Mr,Jaakko,Jaakko,1764,91 Grey Street,Keyham,LE7 8XD,77009002375,27/08/2022,8,SY068
Mr,Robert,Scott,1766,25 Nicholas Street,Osmington Mills,DT3 0BD,77009002376,8/6/2022,21,SY045
Ms,Holly,Gray,1770,66 Lear Street,Chichester,BD4 3AZ,77009002389,19/08/2022,8,SY089
Mr,Theo,Whitehead,1772,82 Woodland Place,Penshurst,ME37 3JY,77009002393,17/07/2022,10,SY105
Miss,Tabhata,Perez,1775,82 Carlton Road,Tiverton,IN6 0HS,77009002398,6/8/2022,8,SY055
Ms,Shaun,Daley,1777,10 Brunswick Villas,Thetford,AB53 2BG,77009002413,7/5/2022,8,SY043
Mr,Callum,Stone,1779,17 Willshaw Street,Bolton,BL39 0JU,77009002415,9/7/2022,16,SY091
Mr,Javier,Lopez,1784,49 Canterbury Mews,Abingdon,PA23 9SL,77009002417,1/8/2022,15,SY004
Miss,Veronica,Makovec,1786,28 Fayland Promenade,Tamworth,LA21 0SX,77009002433,8/7/2022,10,SY031
Mr,Lubanzi,Dlamini,1791,101 Bridge Arcade,Widnes,WA8 7XL,77009002435,15/05/2022,8,SY043
Mr,Ha-yoon,Sakong,1792,66 Windmill Walk,Portswood,SO17 1GW,77009002439,25/08/2022,10,SY066
Mr,Abdul-Nasser,Akhtar,1795,2 Ross Road,Marnhull,DT10 8DR,77009002443,12/7/2022,10,SY002
Mr,Michael,Swift,1802,72 Charlotte Terrace,Ely,CT8 7AZ,77009002445,17/06/2022,21,SY099
Mr,Theo,Capewell,1806,87 Britannia Walk,Chemsford,PA26 4TJ,77009002453,14/08/2022,21,SY103
Mrs,Megan,Harris,1809,64 Kendal Street,Brentwood,AB5 2EY,77009002455,18/08/2022,14,SY046
Mr,William,Hawthorne,1812,134 Wenlock Terrace,Compton,RG9 3ZF,77009002461,3/6/2022,21,SY068
Miss,Carolina,Silva,1814,29 Prince Consort Road,Liskeard,PL21 1EF,77009002467,23/07/2022,21,SY038
Mr,Aakar,Begum,1816,31 Shuttleworth Road,Crugmeer,DD10 3PL,77009002471,15/07/2022,20,SY042
Mr,Aiden,Rodriguez,1818,125 Cobden Place,Abingdon,PA5 5LT,77009002472,19/05/2022,15,SY021
Mr,Austin,Constantine,1819,126 Epworth Street,Eastleigh,SN10 5AX,77009002477,19/06/2022,12,SY063
Ms,Li Xiu Ying,Cheung,1820,131 Herne Grove,Brassington,DL12 7GL,77009002479,7/6/2022,10,SY050
Mr,Tyler,Ahmed,1821,138 Penley Court,Abingdon,PA34 6RZ,77009002481,7/5/2022,16,SY076
Mr,Fred,Mortensen,1822,7 Wright Road,Horsham,SA4P 0BD,77009002482,28/08/2022,10,SY016
Ms,Sofia,Castell,1824,150 Stanway Street,Little Cressingham,IP25 6SE,77009002526,1/7/2022,14,SY119
Mr,Tandeep,Singh,1825,16 Wharf Place,Ripon,TN1 2NE,77009002528,4/6/2022,21,SY065
Mr,Paul,Davies,3792,58 Enford Street,Depden,DN14 3HH,77009002536,26/07/2022,10,SY018
Mr,Dylan,Reynolds,1833,40 Reid Street,Broughton Moor,CA15 2EQ,77009002545,28/05/2022,10,SY108
Ms,Liliana,Bartos,1834,26 Saxon Road,Tattershall,AB12 3EZ,77009002548,7/7/2022,12,SY015
Mr,Christopher,Plummer,1835,131 Cloch Road,Harcourt,PL27 7PU,77009002553,7/5/2022,21,SY042
Ms,Isabelle,Matthews,1837,130 Academy Street,Belvoir,HG20 8HL,77009002612,4/6/2022,28,SY096
Ms,Sarah,Khan,1841,52 Cheriton Road,West Knapton,YO17 7NU,77009002628,3/9/2022,8,SY092
Mr,Henrique,Madeiros,1872,75 Lee Church Street,Aldeburgh,TN5 8HP,77009002634,30/08/2022,10,SY043
Mr,David,Holt,1847,76 Howley Place,Roehester,CW5 9HB,77009002642,8/8/2022,18,SY086
Ms,Isabel,Chapman,1852,23 Chilton Grove,Wallinford,PH26 6LF,77009002648,23/06/2022,12,SY090
Mr,Luke,Hale,1856,9 Langton Avenue,Crugmeer,DD2 4GQ,77009002667,15/08/2022,10,SY062
Mr,Kieran James,Washington,1859,31 Alexandra Road,Wenlock,SA6 4RF,77009002673,9/8/2022,10,SY112
Ms,Tyler,Sheehan,1870,68 Calvin Street,Ellerton,BS4 9UZ,77009002675,1/9/2022,8,SY046
Mr,Isaac,Ravenscroft,2524,13 Birkbeck Road,Tewkesbury,TS6 3RW,77009002682,21/06/2022,15,SY043
Mr,Antoni,Kotas,1874,32 Vicarage Avenue,Tewkesbury,TS25 6HR,77009002687,25/07/2022,14,SY101
Ms,Donna,Fawcett,1876,107 Poynter Street,Neath,GL27 4DR,77009002691,4/6/2022,21,SY006
Miss,Bethany,Kato,1880,57 Kent Street,Cropthorne,WR10 1XD,77009002712,16/07/2022,20,SY064
Ms,Georgia,Richardson,1881,125 Half Moon Court,Hatton,SY6 5UW,77009002723,2/6/2022,8,SY092
Mr,Liam,Powell,1884,21 Lammas Street,Amersham,AM16 8WD,77009002727,2/6/2022,21,SY007
Mr,Hui-chun,Cheng,1886,48 Kirby Street,Wigan,NR41 7EH,77009002735,1/7/2022,14,SY064
Mr,Tyrone,Jones,1890,45 Tring Road,Wallinford,PH3 2GY,77009002745,19/07/2022,15,SY066
Ms,Kelly-Ann,Beranek,1891,9 Copplestone Drive,Herford,EX31 5JG,77009002759,31/07/2022,21,SY010
Mr,Charlie,Mistry,1896,14 Kidbrooke Lane,Millbrook,MK45 6YZ,77009002768,21/06/2022,28,SY041
Mr,Jonathan,Bailey,1899,93 Orford Street,Bishopstone,TF11 2UJ,77009002786,5/9/2022,14,SY053
Miss,Rita,Byard,1907,8 Nelson Street,Scunthorpe,IV47 2WT,77009002791,9/8/2022,9,SY053
Mr,Finlay,Chamberlain,1909,121 Fordham Road,Hadfield,SK14 8GZ,77009002795,1/6/2022,21,SY061
Ms,Ryan,Heaton,1910,16 Kite Hill,Amersham,AM4 3GW,77009002811,26/06/2022,10,SY005
Mr,Samuel,Akhtar,1912,81 Sloe Lane,Holbeach,OX44 6ZE,77009002819,2/9/2022,8,SY082
Mr,Dylan,Green,3440,8 Brewhouse End,Bushbury,GU20 4FB,77009002832,17/09/2022,14,SY043
Ms,Monika,Cermak,3593,115 Bootham Crescent,Ridsdale,NE48 2ET,77009002838,3/6/2022,10,SY043
Mr,Everett,Tucker,1924,122 Caspar Close,Hollinswood,TF21 8LT,77009002853,7/5/2022,10,SY051
Mr,Wolfgang,Odermatt,1938,36 Pearse Bay,Aldbrough,TN27 0FU,77009002869,12/6/2022,14,SY117
Ms,Saskia,Timmermany,1943,26 Alphington Road,Newark,BA1 3YA,77009002849,12/6/2022,21,SY011
Mrs,Ruby,Stewart,1945,142 Shire Oak Road,Adderbury,BT48 6FS,77009002879,30/06/2022,14,SY116
Ms,Lukas,Gruber,1951,24 Westland Place,Elesmouth,IV25 8DX,77009002888,22/06/2022,18,SY053
Mrs,Abby,Lamb,1954,6 Basing Place,Berkeley,GL73 7HP,77009002894,30/07/2022,14,SY096
Mr,Pedro,Rodrigues,1955,57 Belgrave Gardens,Repton,AB43 5RJ,77009002924,14/07/2022,14,SY068
Ms,Myra,Khan,1963,28 Walwyn Road,Chastleton,GL56 3XY,77009002929,29/06/2022,10,SY001
Ms,Nussrat,Botezat,1966,37 Holburn Lane,Heath End,KT17 9ZH,77009002933,25/06/2022,14,SY029
Mr,Henry,Carmen,1972,94 London Road,Colliton,EX14 0XU,77009002934,9/9/2022,14,SY033
Ms,Judith,Jones,1974,1 Albert Terrace Mews,Yaxley,PE7 4HA,77009002954,7/5/2022,10,SY020
Miss,Tehmina,Brophy,1976,72 Ancona Road,Montgomery,AB20 0QB,77009002972,29/05/2022,21,SY013
Ms,Lilly,Mills,1979,28 Bridgeway Street,Tring,HP23 2NB,77009002978,5/7/2022,10,SY090
Mr,Aaron,Josephson,1980,52 Merlin Crescent,Southwell,KA24 2TQ,77009002991,4/8/2022,10,SY118
Mr,Connor,Cook,1981,91 Molesworth Street,Haddington,LN5 6WU,77009003121,15/08/2022,15,SY040
Miss,Georgiana,Bibi,3710,18 Guildford Road,Broughton Moor,CA42 7LG,77009003125,24/07/2022,12,SY043
Mr,Colton,Stewart,1984,45 Commercial Way,Wantage,SP11 2TB,77009003162,15/08/2022,10,SY020
Mr,Matthew,Taylor,1985,41 Bondway,Starford,DE31 9NJ,77009003165,5/8/2022,21,SY114
Mr,Aisha,Basara,1990,120 Cardigan Street,Barborough,WA3 8ZF,77009003179,16/06/2022,15,SY046
Mrs,Ella,Adams,1991,112 Middlewich Road,Wells,FK7 7FD,77009003188,23/05/2022,10,SY070
Mr,Martin,Murphy,1995,67 Holmdale Road,Herford,EX7 1BF,77009003196,10/7/2022,7,SY105
Mrs,Charlotte,Foster,1996,130 Camdale Road,Benfleet,NR17 1UL,77009003195,8/6/2022,16,SY015
Mr,Iona,Williams,2001,98 Vale End,Montgomery,AB14 2LE,77009003126,12/8/2022,14,SY113
Mr,Tyler,Abbott,2002,56 Milford Road,Outwood,WF1 8SW,77009003211,23/07/2022,21,SY058
Mr,Jeremiah,Omar,2004,132 Tollington Road,Wedmore,DG7 6HR,77009003226,17/05/2022,21,SY004
Mr,Antony,Mann,2007,130 Helston Street,Kidwelly,TR7 3QZ,77009003229,22/05/2022,14,SY118
Mr,Connor,Johnson,3802,13 Gilkes Place,Marsham,AB20 9GL,77009003241,6/7/2022,10,SY043
Mrs,Eva,Sanders,2011,28 Blomfield Villas,Kempsford,LA22 4FJ,77009003247,24/07/2022,10,SY008
Mrs,Gabrielle,Chauhan,2017,27 Evelyn Street,Bloxham,PA60 6HW,77009003248,30/06/2022,10,SY040
Mr,Adam,Heyes,2018,128 Chesterfield Street,Marden,TN23 3JR,77009003251,29/05/2022,8,SY053
Miss,Kate,Kim,2020,146 Wressle Road,Axbridge,TN15 2QB,77009003256,1/7/2022,8,SY046
Mrs,Zakaria,Ghannam,2022,103 Garden Close,Crudwell,SN16 2XA,77009003258,7/5/2022,14,SY052
Mr,Antoine,Boudreaux,2023,110 Buckingham Road,Darley,DL8 8FP,77009003276,9/6/2022,21,SY111
Mr,Samuel,Zamfir,2027,83 Horace Street,Lichfield,SG15 3WD,77009003282,19/08/2022,14,SY027
Mr,Pierre,Frossard,2032,29 Glandovey Terrace,Shaftesbury,EH15 1QT,77009003285,27/06/2022,15,SY026
Mr,Ryan,Ford,2033,80 Winsland Mews,Moretonhampstead,SO11 6ZT,77009003287,6/8/2022,15,SY065
Mr,Aaron,Poitrenaud,2036,26 Mossop Street,Northallterton,PR22 7FA,77009003316,12/8/2022,10,SY024
Ms,Maira,Parry,2040,94 Blackwall Way,Aberdovy,GR13 3NR,77009003318,24/08/2022,12,SY030
Ms,Abigail,Collier,2043,87 Ludgate Broadway,Caerleon,TF6 7UG,77009003321,22/07/2022,12,SY069
Mr,Toby,Hussain,2056,104 Wellington Mews,Earlsford,AB51 0GZ,77009003322,7/5/2022,10,SY072
Mrs,Parwez,Fakhoury,2059,81 Bury Place,Colliton,EX36 3LW,77009003325,17/08/2022,10,SY068
Ms,Nikolai,Jackson,2060,6 Bishopthorpe Road,Penshurst,ME3 2HB,77009003341,23/07/2022,16,SY061
Ms,Erin,Mason,2062,93 Trenant Vale,East Budleigh,EX31 5AR,77009003348,4/9/2022,14,SY068
Miss,Natalie,Roach,2066,30 Hamilton Mews,Dunham Town,WA14 5AR,77009003362,22/07/2022,10,SY004
Miss,Pardaj,Manzoor,2069,76 Wood Lane,Benfleet,NR1 7LD,77009003372,1/9/2022,15,SY048
Mr,James,Green,2074,2 Evins Place,Snarestone,DE12 5ZF,77009003373,9/7/2022,10,SY046
Ms,Sydney,Timberlake,2075,114 Park Avenue,Latimer,HP17 1TF,77009003374,7/5/2022,18,SY063
Mr,Samuel,Robertson,2081,148 Montpelier Place,Galmpton,TQ2 1SL,77009003384,17/05/2022,7,SY051
Mr,Jimmy,Rimmer,1645,28 Laverton Mews,Chepstow,LL61 7YA,77009003389,26/07/2022,14,SY060
Mr,Christopher,Allan,2094,73 Ivy Lane,Starford,DE9 6BU,77009003394,28/08/2022,8,SY090
Mr,Sebastian,White,2096,120 Stanhope Street,Sudbury,IP20 3ZT,77009003413,24/06/2022,14,SY062
Miss,Aimee,Jones,2099,49 Bath Road,Banbury,GU22 7PL,77009003416,12/9/2022,10,SY063
Mr,Nathan,Gibbons,2102,16 Ebenezer Place,Wickham,WR15 7PF,77009003421,16/06/2022,8,SY076
Mr,Alaya,Kousar,2106,110 Old Court Place,Tonbridge,DG34 2HA,77009003432,7/5/2022,15,SY031
Mr,Liam,Chand,2109,91 Maples Place,Barnstaple,SA18 4QA,77009003438,2/9/2022,10,SY027
Mrs,Rahma,Abdillahi,1709,133 Sunbury Lane,Holtye Common,TN8 3EL,77009003441,30/06/2022,14,SY060
Mr,Colin,Hayes,2114,92 Ballifeary Road,Hayton,DD8 6FL,77009003443,18/08/2022,12,SY006
Ms,Scarlett,Kent,2116,48 Simone Weil Avenue,Welborne,KW20 0PX,77009003469,26/06/2022,15,SY034
Mr,Samuel,Schmidt,2117,140 Storey Mall,Stainton,DL12 5AL,77009003484,23/06/2022,8,SY016
Mrs,Malesh,Kumar,2120,142 Ormond Yard,Crugmeer,DD28 1TY,77009003493,1/7/2022,10,SY112
Mr,Ethan,Tremblay,2122,146 Dunbridge Place,Otterburn,NE19 8JT,77009003515,15/06/2022,15,SY042
Mr,Logan,Ward,2123,27 Boar Lane,Selby,PE42 0NA,77009003512,31/05/2022,18,SY072
Ms,Lucas,Verhoeven,2124,97 Providence Place,Tawton,PE15 0ET,77009003538,13/09/2022,9,SY049
Mr,Dominic,Dennis,2129,115 Court Grove,Wigan,NR10 0JL,77009003537,1/6/2022,10,SY020
Mr,Kaho,Takeda,2130,28 Manor House Road,Kirstead Green,NR15 8BJ,77009003545,30/06/2022,14,SY042
Mr,Alexander,Akhtar,2132,62 Railway Street,Hitchin,ST13 8GF,77009003576,20/08/2022,10,SY083
Mr,Peter,Cooper,2133,66 Adelaide Grove,Yorton,SY4 3HU,77009003581,26/07/2022,18,SY079
Mr,Hayden,Matthews,2134,90 Lamphey Road,Dunstable,NR14 1RQ,77009003586,10/8/2022,20,SY105
Mr,George,Lynch,2137,73 St Andrews Lane,Malton,CM27 8XT,77009003597,4/9/2022,10,SY052
Mrs,Ioana,Ali,2140,41 Sherlock Mews,Hitchin,ST11 4ZZ,77009003599,28/06/2022,10,SY030
Mr,Rhys,Johnson,2143,86 Hampden Crescent,Roehester,CW54 1BZ,77009003611,7/8/2022,10,SY119
Mr,Asher,Potter,2145,76 Butler Street,Norbury,SY13 4GJ,77009003619,12/8/2022,16,SY067
Ms,Emily,Allan,2149,87 Westbridge Road,Berwick,AB18 5GD,77009003639,16/08/2022,21,SY091
Mr,Taylor,Lloyd,2150,121 Trevor Street,Wisbech,NE27 3QS,77009003641,12/6/2022,10,SY078
Mr,Gabriel,Simta,2157,101 Orsman Place,Ellerton,BS23 7EG,77009003644,7/5/2022,21,SY016
Mr,Jacob,Doherty,2162,125 Tower Hill,Failsworth,M35 9DN,77009003657,10/6/2022,8,SY055
Mr,Marius,Baillie,1982,37 Coventry Road,Worsley,M28 0EZ,77009003658,17/08/2022,10,SY060
Mr,Elijah,Armstrong,2167,5 Orsman Road,Canworthy Water,PL15 5WA,77009003683,25/06/2022,16,SY067
Mr,Giovanni,Rutherford,2168,83 Lancaster Place,Alberbuty,PH2 7HA,77009003684,28/08/2022,12,SY021
Mr,Maverick,Rice,2170,63 Champion Road,Wantage,SP9 1QA,77009003718,30/06/2022,14,SY113
Mr,Jack,Wheelwright,2639,115 Athelstane Grove,Lovell,DG4 9LF,77009003723,12/6/2022,10,SY060
Ms,Raashida,Wasem,2175,110 Keppel Street,Campden,DG53 9TS,77009003724,25/05/2022,14,SY046
Mr,Arnaud,Ouvrard,2178,94 Hertingfordbury Road,Liskeard,PL2 5FY,77009003736,14/08/2022,18,SY058
Ms,Sophie,Allan,2180,69 Trinity Square,Bytham,TA7 0XS,77009003733,11/9/2022,8,SY092
Mr,Stephen,Hewitt,2181,65 Benhill Road,Hensall,DN14 5XW,77009003737,8/8/2022,15,SY061
Mr,Lorens,Rasmussen,2183,4 Jenkins Street,Tavistock,GL26 2WT,77009003745,9/7/2022,7,SY029
Ms,Nora,Hunt,2187,90 Penton Place,Ellingham,NE67 5RW,77009003747,30/08/2022,15,SY108
Mrs,Stacey,Park,2190,37 Ferry Street,Woodbridge,LD13 6EZ,77009003752,26/06/2022,8,SY018
Mr,Alan,Hoffmann,2197,25 Chalton Street,Berwick,AB34 7LH,77009003753,26/06/2022,24,SY104
Miss,Luiza,Lightbourn,2202,22 Denmark Walk,Winchburgh,CA9 5XN,77009003758,31/05/2022,10,SY011
Miss,Ottilia,Dinu,2204,107 Bolingbroke Walk,Marden,TN12 6AR,77009003763,7/5/2022,10,SY007
Mr,Jason,Bouchard,2205,52 Adeline Place,Westbury,CB7 4LU,77009003781,28/07/2022,14,SY005
Mr,Phillip,Moitessier,2207,121 Town Lane,Ravenglass,RG16 7WH,77009003794,27/06/2022,10,SY006
Mrs,Rachel,Hurst,2210,147 Park Place,Stratton,IV7 3BB,77009003816,10/6/2022,16,SY086
Ms,Parminder,Singh,2213,144 Dunstable Mews,Kempsford,LA5 5JT,77009003825,16/07/2022,8,SY043
Mr,Matthew,Pelletier,2219,76 Brampton Road,Adwick,DE6 5ZH,77009003834,7/9/2022,12,SY016
Ms,William,Gower,2220,30 Martel Place,Malton,CM3 5GP,77009003841,18/07/2022,21,SY112
Mrs,Lyla,Tomlinson,2223,19 Herbert Road,Yarmouth,NP35 4DD,77009003855,9/7/2022,15,SY010
Mr,Nathan,Joyce,2227,86 Nenthead Road,High Roding,CM6 1LR,77009003858,9/8/2022,8,SY075
Mrs,Marian-Roberto,Budnik,2228,68 Brittany Street,Wilton,DL8 4LS,77009003863,3/9/2022,8,SY005
Mr,Spencer,Savage,2229,82 Bulmer Mews,Sudbury,IP24 3ND,77009003864,18/08/2022,8,SY053
Miss,Reza,Visser,2231,136 Alma Grove,Furness,TA23 9RD,77009003868,11/7/2022,12,SY020
Mr,Alex,Marsh,2232,92 Great North Road,Grantham,B48 1DU,77009003896,7/9/2022,12,SY077
Dr,Luca,Micu,2242,86 Oxford Mews,Loughborough,SA33 7QL,77009003911,16/09/2022,8,SY046
Mr,Jack,Brandenberger,2243,19 Whatlington Road,Wrotham,BN27 3XF,77009003925,21/05/2022,10,SY011
Mr,Joel,Markham,2244,32 Guildhouse Street,Caerphilly,CP37 6EQ,77009003931,11/6/2022,21,SY039
Mr,David,Motyckova,2246,137 Caxton Place,Woburn,DG70 2EG,77009003934,14/05/2022,21,SY103
Mr,Luca,Diederich,2247,148 Castle Street,Bradwell,CM7 5SL,77009003937,7/5/2022,14,SY011
Ms,Megan,Fossard,2249,107 Clifton Avenue,Knaresborough,SY7 9WD,77009003939,7/5/2022,28,SY100
Ms,Sophia,Anderson,2250,62 Blue Anchor Court,Farindon,AB54 3UW,77009003944,12/7/2022,14,SY007
Mr,Alexander,Henderson,3655,109 Silvershell Road,Abercastle,SA62 3EB,77009003948,25/05/2022,18,SY060
Mr,Jason,Idris,2263,140 Freezeland Lane,Hutingdon,AB38 7WB,77009003955,8/6/2022,7,SY001
Mr,Jayce,Young,2266,5 Vincent Road,Oscroft,CH3 6XE,77009003958,7/8/2022,10,SY057
Mr,Archie,Saunders,2273,109 Brayfield Terrace,Egremount,ER14 1BF,77009003965,3/6/2022,16,SY071
Mr,Jack,Rosenstein,2275,96 Moreton Terrace,Canworthy Water,PL14 1FZ,77009003968,1/9/2022,16,SY058
Mr,Ardit,Hauser,2277,13 Gladstone Street,East Budleigh,EX9 5QP,77009003969,11/6/2022,21,SY033
Ms,Molly,Robertson,2281,11 Pleasant Place,Bledington,SO7 8ES,77009003972,30/05/2022,10,SY086
Ms,Laura,Heath,2282,42 Montpelier Street,Basingstoke,BS3 1QU,77009003975,31/07/2022,10,SY078
Mrs,Aimee,Blackburn,2283,14 Dagmar Road,Leiston,AB8 2UU,77009003978,25/06/2022,10,SY102
Mr,Declan,Akhtar,2284,19 Hale Street,Borrowfield,WR6 9DH,77009003982,23/06/2022,14,SY084
Mr,William,Lee,2285,43 Park Terrace,Monmouth,IV8 4QJ,77009003987,7/8/2022,15,SY111
Mr,Leon,Mancisidor,2289,92 Allingham Street,Holywell,BN23 1JN,77009003995,30/08/2022,10,SY105
Ms,Alexis,Clayton,2292,142 Webber Street,Crowborough,TN6 7QE,77009004115,1/6/2022,8,SY003
Mr,Feng,Szeto,2296,99 Broomfield Place,Stonesfield,SK8 0HX,77009004116,27/08/2022,10,SY114
Ms,Jasmine,Foster,2298,25 Dunmaston Mews,Oakley,KY12 7PE,77009004124,18/06/2022,8,SY034
Ms,Keira,Parker,2300,44 Thames Street,Castor,NR11 1TG,77009004129,15/07/2022,8,SY090
Mr,Jay,Mussani,2301,119 Stamford Road,Selby,PE31 8RT,77009004135,1/6/2022,10,SY033
Ms,Kayleigh,Berry,2304,127 Harling Terrace,Galmpton,TQ95 4BX,77009004176,22/05/2022,18,SY117
Ms,Ellie,Abbott,2306,127 Thornton Street,Hutton Wandesley,YO5 6ZR,77009004185,15/07/2022,10,SY088
Mr,Sean,Gregory,2308,13 Buckley Street,Ryde,PR4 2NQ,77009004193,17/05/2022,14,SY072
Mr,Ryan,Hadley,2309,92 Springdale Estate,Berkley,BA11 1UA,77009004194,24/08/2022,15,SY117
Ms,Seo Joon,Tang,2316,123 Albert Mews,Goldsborough,YO21 4BU,77009004222,14/05/2022,10,SY040
Mr,Isaac,Anderson,2320,25 Cumberland Mews,Manby,LN11 8XN,77009004223,21/05/2022,21,SY029
Miss,Rahmiya,Shafiq,2326,31 Tenison Court,Upper Halliford,TW17 8DS,77009004228,20/06/2022,28,SY032
Miss,Noor,Amis,2327,72 Cheltenham Road,Brough,TN25 1QA,77009004265,1/8/2022,10,SY051
Ms,Terri_Ann,Brandstatter,2331,91 Duke Street,Tuffley,GL4 5JA,77009004266,18/08/2022,14,SY014
Ms,Melissa,Blake,2339,85 Milson Road ,Burford,NE25 5XW,77009004271,20/08/2022,12,SY008
Ms,Mia,Fowler,2340,1 Florence Street,Bolstone,LA14 4SE,77009004292,7/5/2022,18,SY008
Mr,Jorge,Rojas,2341,85 Camley Street,Galmpton,TQ27 0PH,77009004291,14/08/2022,16,SY017
Ms,Marta,Rodrigues,2345,65 Epworth Place,Eastertown,BS24 2EW,77009004298,6/9/2022,10,SY118
Ms,Tilly,Cartwright,2347,111 Whiterock Terrace,Horsington,BA8 0ZP,77009004315,7/5/2022,21,SY094
Miss,Megan,Martin,2350,97 Gorleston Mews,Castor,NR2 6ST,77009004318,16/09/2022,10,SY048
Mr,Samuel,Cooke,2356,85 Irwin Street,Woodbridge,LD14 2AX,77009004322,23/07/2022,21,SY084
Mr,Vincent,Williamson,3997,78 Onslow Place,Waterston,SA73 2AE,77009004325,12/9/2022,10,SY060
Mr,Bailey,Huseynova,2362,52 Raglan Street,Chorley,CY10 8AS,77009004361,17/08/2022,12,SY037
Ms,Amy,Short,2365,24 Vicarage Terrace,Benfleet,NR21 6AT,77009004365,28/06/2022,10,SY086
Ms,Penelope,Michaelson,2368,45 Terrick Road,Midhurst,PL13 6EZ,77009004374,18/07/2022,8,SY018
Mr,Jayden,Verstraeten,2369,85 Chapel Lane,Ripley,TN14 2RA,77009004386,12/8/2022,12,SY034
Mr,Jake,Tuohey,2371,138 Devonshire Drive,East Budleigh,EX93 9TU,77009004387,13/06/2022,15,SY012
Ms,Stefan,Becker,2374,70 Boughton Road,Kellington,CB11 1QU,77009004394,29/07/2022,14,SY015
Mr,Oleg,Petroff,2377,62 Brackley Road,Brackley,GL6 4FQ,77009004396,2/8/2022,10,SY102
Dr,Jemma,Foster,2378,109 Baron Close,Bewcastle,IP17 9XB,77009004397,7/5/2022,16,SY005
Mr,Danuja,Okamoto,2383,37 Pennsylvania Road,Neville,B95 1WT,77009004426,27/07/2022,26,SY048
Mr,Max,Hayward,2388,74 Dunelm Street,Framlingham,CA3 7XL,77009004439,19/08/2022,10,SY085
Mr,Riley,Flynn,2390,68 Arthur Grove,Tonbridge,DG7 5PQ,77009004445,12/8/2022,14,SY009
Ms,Melissa,Henderson,2391,32 Swanscombe Road,Grosmont,FK55 5ZU,77009004446,3/7/2022,14,SY071
Ms,Paige,Kay,2396,22 Burnham Street,Canworthy Water,PL10 4BJ,77009004457,14/05/2022,15,SY059
Ms,Demi,Reynolds,2400,21 Grafton Way,Midhurst,PL20 5AG,77009004471,29/06/2022,14,SY045
Mr,Daniel,Sharp,2401,76 Dallington Street,Hatton,SY42 9TY,77009004484,18/07/2022,20,SY086
Mr,Thomas,Collins,2403,8 Irving Street,Broughton Moor,CA1 8UA,77009004495,21/07/2022,21,SY113
Ms,Stephen,Rosewood,2406,48 Bantry Street,Dunwich,IV8 9YT,77009004527,31/07/2022,14,SY033
Mr,Leon,Bull,2407,68 Morden Lane,Crocketford,DG2 5HD,77009004544,4/7/2022,18,SY087
Ms,Leah,Pearce,2411,38 Trenchold Street,Portsea,PO1 8HT,77009004561,16/07/2022,14,SY078
Mr,Ewan,Lamaro,2412,141 Graham Court,Penrith,DT13 9DX,77009004574,30/05/2022,14,SY028
Mr,Alexander,Mayers,2414,69 Preston Road,Morton,PE10 0FQ,77009004576,23/06/2022,10,SY028
Mr,Silas,Poole,2416,56 Sylvester Path,Salisbury,RH7 3JZ,77009004586,13/07/2022,14,SY027
Ms,Valentina,Van Damme,2419,14 Windus Walk,Bridgewater,LL56 4LH,77009004598,17/06/2022,14,SY112
Mrs,Ellie,Allen,2421,18 Browning Mews,Afton Bridgend,KA18 6TE,77009004613,18/06/2022,21,SY095
Mr,Charlie,Whitehead,2422,101 Wells Park Road,Chartridge,HP5 5FL,77009004633,7/5/2022,21,SY086
Mrs,Mateo,Washington,2423,125 Thompsons Lane,Moretonhampstead,SO20 0FW,77009004632,28/05/2022,21,SY064
Mr,Charles,Kavanagh,2425,118 Harcourt Street,Wells,FK36 5BY,77009004645,9/6/2022,18,SY026
Ms,Melissa,Alexander,2426,38 Ings Lane,Darwen,BB3 5UJ,77009004646,27/07/2022,20,SY088
Mrs,Maisie,Flynn,2432,72 Cherbury Street,Barborough,WA20 9LG,77009004654,6/9/2022,10,SY076
Mr,Aurora,Humberstone,2433,2 Brunehild Street,Broughtown,KW17 1XU,77009004657,25/06/2022,15,SY036
Mr,Giani,Baloi,2436,61 Circle Way,Yarmouth,NP5 6ZW,77009004664,19/08/2022,21,SY106
Ms,Mollie,Holmes,2438,109 Chester Grove,Aldbrough,TN23 4WH,77009004671,19/06/2022,10,SY071
Mr,Ryan,Webb,2439,34 Consett Road,Brancaster,RG5 4LQ,77009004677,29/06/2022,8,SY073
Mr,Baek Hyeon,Chong,2440,134 Dorset Walk,Kingsdon,TA11 8YD,77009004673,25/05/2022,14,SY001
Mr,Connor,Smith,2443,93 Kinglake Place,Abberton,CO5 4LA,77009004675,12/8/2022,15,SY041
Ms,Bethan,Butler,2447,79 Bartletts Place,Cockermouth,PA34 8GY,77009004684,18/07/2022,21,SY031
Mr,Thomas,Schneider,2448,59 Eckford Street,Wokingham,EX7 3AJ,77009004685,19/07/2022,14,SY100
Mr,Nicholas,Murphy,2449,137 Fore Street,Troon,KA10 3TA,77009004695,21/05/2022,21,SY119
Mrs,Sam,Wheelwright,2452,94 Charlotte Road,Lostwithiel,PL26 4AQ,77009004715,3/9/2022,10,SY049
Mr,Luca,Peacock,2453,18 Allitsen Road,Derby,PH1 9XS,77009004728,4/6/2022,8,SY085
Miss,Noshaiba,Langhani,2454,58 Great Western Road,Loppington,SY4 4YG,77009004736,11/7/2022,28,SY011
Ms,Leticia,Flores,2461,44 Chesnut Road,Oakham,TR2 4HB,77009004748,16/08/2022,10,SY003
Mr,William,Marsden,2463,46 Voss Way,Dunmow,NP6 1TL,77009004752,12/8/2022,8,SY083
Mr,Sebastian,Herbert,2464,141 Adderley Street,Withington,M20 8SS,77009004754,22/06/2022,21,SY008
Mr,Callum,Joyner,2467,30 Bootham Terrace,Eccleshall,KW4 2GT,77009004761,13/07/2022,20,SY012
Mr,Dexter,Williams,4071,136 Joseph Street,Bolton,IV23 4BE,77009004767,14/07/2022,12,SY060
Mr,Darius,Lupu,2476,76 Red Lane,Wigan,NR33 2RJ,77009004772,17/07/2022,10,SY117
Ms,Ryan,Dunn,2482,122 Worthy Lane,Escomb,TD11 9NS,77009004775,6/6/2022,10,SY038
Mr,Leonardo,Tomlinson,2483,55 Margaret Place,Chatham,HP8 8RB,77009004777,16/07/2022,21,SY119
Mr,Amarjeet,Barras,2488,101 Starcross Street,Oulston,YO6 8FJ,77009004778,7/5/2022,10,SY061
Mrs,Naomi,Nolan,2494,33 Macclesfield Street,Bardney,NG23 7EW,77009004786,13/07/2022,10,SY058
Mr,Anthony,Fuller,2498,19 Nightingale Park Crescent,Galmpton,TQ40 1BD,77009004787,14/05/2022,16,SY080
Mr,Billy,Suleman,2499,91 Hopewell Street,Hollingbury,BN1 4US,77009004817,3/8/2022,16,SY069
Mr,Joe,Daly,2502,53 Whitby Road,Dewsbury,WF12 9YF,77009004828,23/07/2022,10,SY052
Mr,Ramesh,Singh,1321,46 Doddington Grove,Hadfield,SK16 0XB,77009004878,5/7/2022,14,SY082
Mrs,Holly,Fantom,2507,123 Steadman Street,Helmsley,ML12 5XN,77009004838,15/06/2022,10,SY038
Mrs,Katharina,Schwarz,2508,76 Green Dale,Buchanan Castle,G63 1GN,77009004843,21/09/2022,12,SY005
Dr,Bailey,Spencer,2512,88 Grass Court,Penwortham,PR1 8BP,77009004844,3/8/2022,14,SY080
Miss,Szofia,Lakatos,2520,54 Maidstone Road,Westbury,CB6 8FP,77009004848,16/06/2022,21,SY108
Mr,Gabriel,Brown,1830,83 Ilderton Road,Axbridge,TN2N 8DX,77009004877,10/9/2022,10,SY082
|Mr,Tyler,Connell,2526,65 Clayton Street,Great Haywood,ST14 5RB,77009004865,14/07/2022,7,SY113
Ms,Nikita,Hussain,2527,81 Folkestone Road,Winchburgh,CA52 6HG,77009004868,14/09/2022,10,SY112
Ms,Fatima,Bozgan,2537,8 Bouvier Drive,Beaconsfield,BC8 5HZ,77009004883,9/9/2022,7,SY046
Ms,Isabella,Brandstatter,2539,84 Edwin Street,Kidwelly,TR17 6WS,77009004887,9/8/2022,10,SY031
Mr,Aaron,Coleman,2171,5 Deauville Road,Whitebrook,NP5 7AU,77009004893,21/08/2022,12,SY082
Mr,Freddie,Gorna,2542,137 Southern Way,North Marden,PO18 7XN,77009004895,13/06/2022,10,SY016
Ms,Sophie,Perveen,2545,130 Crown Place,Winchelsea,HS27 8AF,77009004891,22/06/2022,8,SY060
Mr,Dominic,Nicholson,2547,92 Watts Grove,Salisbury,RH13 6SY,77009004898,13/08/2022,12,SY096
Mr,Nathan,O'Neill,2548,147 Church Hill,Guildford,AB35 9EB,77009004899,12/7/2022,12,SY077
Ms,Miguel,Pereira,2553,3 Allington Street,Gawood,HR1 9DR,77009004918,11/7/2022,7,SY112
Dr,Marius,Bala,2554,1 Oxbury Road,Egremount,ER60 5SN,77009004927,7/5/2022,8,SY046
Ms,Mira,Banoo,2558,96 Folgate Street,Ripon,TN16 7RU,77009004933,16/08/2022,15,SY035
Ms,Samuel,Matthews,2564,86 Drover Lane,Canworthy Water,PL27 5SR,77009004934,25/08/2022,15,SY034
Mr,Joel,Paternoster,2566,72 Birkbeck Hill,Grimsby,CV35 4DL,77009004935,27/07/2022,10,SY055
Dr,Liam,Fleming,2569,23 Lansdown Way,Brassington,DL13 2BF,77009004938,16/06/2022,21,SY085
Mrs,Taavi,Ali,2571,109 Philipot Path,Holbeach,OX32 1SF,77009004940,7/5/2022,14,SY029
Ms,Jade,Dumont,2581,53 Beaumont Street,Bungay,ST18 5NF,77009004939,14/08/2022,8,SY033
Mr,Patrick,Keighley,2582,100 Buxton Crescent,Upper Burgate,SP4 6WW,77009004942,21/05/2022,18,SY057
Miss,Tatiana,Rodr¡guez,2585,34 Walden Road,Morecambe,PA12 1HY,77009004944,6/8/2022,10,SY116
Mr,Matias,Wright,2587,132 Culverland Road,Thornton,KY1 1FF,77009004962,16/06/2022,15,SY023
Mrs,Susan,Timberlake,2591,42 Crown Dale,Eckington,NG5 5EL,77009004971,3/7/2022,10,SY118
Mr,Johann,Villeneuve,2592,62 Earsby Street,Hatfield,ML62 1YR,77009004972,16/07/2022,16,SY065
Mr,Eviatar,Moshe,2594,48 Topham Street,Elmore Back,GL2 5LS,77009004975,28/07/2022,7,SY118
Mr,Nikolay,Golovakha,2596,52 Hope Cottages,Ravenglass,RG17 8SG,77009004983,8/8/2022,10,SY101
Ms,Anastasia,Meyer,2598,96 Caxton Grove,Ashfield Green,HP5 9TU,77009004986,26/08/2022,12,SY054
Mr,Nathan,Schneider,2601,91 Lonsdale Road,Kenilworth,KN7 5GJ,77009004984,15/08/2022,15,SY036
Mr,Hamish,Whitworth,2605,22 Graham Road,Cheadle Hulme,SK8 3TG,77009004991,11/7/2022,21,SY062
Mr,Jarule,Catutoiu,2611,32 Kidd Cottages,Gawood,HR2 5FL,77009004997,8/6/2022,15,SY044
Mr,Nathan,Kerr,2616,147 Essex Road,Corwen,PO20 3LN,77009005111,17/06/2022,12,SY073
Mr,Alfie,Harper,2617,140 Eastbourne Road,Coldham,PE14 1BB,77009005114,5/7/2022,8,SY070
Ms,Madeline,Yoxall,2621,65 Emma Street,Kersey,AB25 5BX,77009005145,17/07/2022,7,SY035
Mrs,Abigail,Lewis,2625,62 Coleman Close,Ilchester,PA31 8RD,77009005122,9/8/2022,12,SY072
Miss,Maria,Barbu,2628,147 Weymouth Place,Stroud,BA3 0XY,77009005126,12/7/2022,10,SY069
Mr,Janneke,Braamÿ,2630,123 Fernleigh Road,Oakham,TR66 2NZ,77009005135,7/5/2022,15,SY039
Mr,Finley,Reichenberger,2632,49 St Matthews Hill,New Ellerby,HU11 5JH,77009005147,8/6/2022,7,SY108
Ms,Yitzchak,Shalom,2633,57 Furley Street,Longhoughton,NE66 0TY,77009005144,23/06/2022,15,SY047
Mr,Kian,Barnes,2636,6 Peachfield Road,Ashton,DG38 1SW,77009005146,3/7/2022,16,SY074
Mr,Reece,Newman,2641,69 Woodman Street,Woodside,WV16 9YP,77009005148,13/08/2022,15,SY021
Ms,Matthew,Cruickshank,2643,148 Boswell Street,Bedgebury Cross,CT6 4ZY,77009005152,29/06/2022,10,SY010
Mr,Oscar,Robinson,2647,89 Dulwich Wood Avenue,Tyringham,MK16 7SR,77009005154,1/9/2022,7,SY101
Ms,Ludivine,Borodushkina,2651,72 Belgrove Street,Hinckley,LE10 2JZ,77009005156,17/07/2022,14,SY108
Mr,Charlie,Kaur,2653,18 Bristow Road,Berkley,BA4 8LX,77009005159,24/06/2022,20,SY050
Mr,Bratislav,Oblak,2655,67 College Terrace,Winchelsea,HS27 8ED,77009005162,2/8/2022,14,SY019
Mr,Max,Campanella,2657,83 Betton Place,Belsay,TF12 5WE,77009005171,1/9/2022,8,SY033
Mr,Tyler,Willoughby,2660,105 Northumberland Street,Sleaford,YO12 3GJ,77009005178,21/05/2022,21,SY067
Miss,Simerjeet,Begum,2662,103 Thirsk Road,Boraston,BR4 9WN,77009005193,7/5/2022,7,SY055
Mr,Nathan,Donnavon,2664,113 Hungerford Lane,Byland,YO42 6DE,77009005224,28/05/2022,14,SY109
Mr,Jacob,Hassan,2671,52 Glen Road,Ludale,IV54 4JS,77009005227,27/07/2022,14,SY046
Mr,Dominic,Strickland,2676,9 Udall Street,Hadfield,SK31 1YA,77009005222,29/08/2022,12,SY028
Mr,Howard,Ricketts,2680,150 Farburn Terrace,Little Ponton,NG33 6JT,77009005243,24/06/2022,8,SY068
Mr,Hamza,Kousar,2695,13 Newgate Street,Keisby,PE10 1YU,77009005246,26/06/2022,16,SY038
Mrs,Beth,Bishop,2696,60 Greenfield Road,Broughton Moor,CA22 7GZ,77009005259,14/07/2022,10,SY045
Mr,Harry,Whittaker,2697,143 Wilton Row,Roehester,CW2 2DG,77009005264,23/05/2022,10,SY085
Miss,Emma,Eames,2698,12 South Street,Kidwelly,TR5 7JD,77009005275,7/5/2022,12,SY021
Ms,Poppy,Phillips,2705,79 Station Rise,Brackley,GL7 5PX,77009005277,19/08/2022,14,SY073
Ms,Poppy,Parry,2706,6 Elgood Street,Abergavenny,TN2 9BJ,77009005284,2/8/2022,10,SY094
Mr,Marcel,Shone,2708,54 Westmount Place,Coulton,YO6 6TA,77009005345,11/7/2022,12,SY061
Mr,Andrew,Robinson,2710,17 Avondale Road,Widnes,WA9 4BA,77009005379,25/06/2022,10,SY100
Mr,Aidan,Carroll,2712,103 Duchy Street,Brockton,TF13 6HE,77009005386,7/5/2022,10,SY038
Ms,Naomi,Lees,2715,73 Guineaport Road,Hadlow Down,TN22 9HP,77009005396,17/07/2022,8,SY071
Mr,Kian,Bradshaw,2718,119 Hexham Road,Grimsby,DN11 8TE,77009005416,7/5/2022,14,SY079
Mr,Evan,Lewis,2719,106 East Dombey Square,Richmond,CA5 3GN,77009005417,7/5/2022,28,SY098
Ms,Astrid,Jakobsen,2731,82 Oakhill Place,Bloxham,PA7 3ZG,77009005443,2/9/2022,14,SY045
Mr,Aaron,Hinds,2740,99 Bourdon Place,Ripley,TN12 5GD,77009005461,16/08/2022,10,SY050
Mrs,Sophie,Schumacher,2743,139 Creasy Street,Christechurch,DL4 2PP,77009005464,7/5/2022,10,SY022
Ms,Theo,Cavanagh,2756,13 Duckpit Lane,Sevenoaks,KW1 2YA,77009005469,3/7/2022,10,SY109
Dr,Joseph,Leonard,2757,89 Howard Street,Holton Heath,BH16 6ZW,77009005482,13/08/2022,21,SY079
Mr,Connor,Aaden,2758,93 Evelyn Walk,Axbridge,TN20 7LE,77009005487,21/08/2022,10,SY010
Ms,Anna,Fletcher,2475,27 Dunbar Place,Porchester,TN28 0YH,77009005488,27/07/2022,10,SY082
Mr,Lee,Stennett,2762,134 Bolton Crescent,Marholm,PE6 3WB,77009005489,9/7/2022,12,SY063
Mr,Isaiah,Russell,2763,144 Fox Lane,Harrow,FK17 3EP,77009005494,4/6/2022,16,SY066
Ms,Nathan,Murdoch,2767,7 Temple Place,Westbury,CB5 3RD,77009005533,23/08/2022,10,SY100
Mr,Jack,Howland,2770,8 Basing Court,Hedingham,WN49 4YX,77009005539,11/7/2022,21,SY034
Mr,Alejandro,Garc¡a,2772,17 Boroughbridge Road,Belmont,CM6 9BW,77009005553,12/7/2022,12,SY024
Mr,Corey,Dixon,2778,46 Sulina Road,Sutton,DN3 7UB,77009005556,22/06/2022,18,SY080
Mr,Finley,Ahmed,2779,101 Cavendish Close,Epping,EP1 5DN,77009005557,7/5/2022,21,SY077
Ms,Matthias,Sedlacek,2783,13 Brindley Road,Tavistock,GL36 2TP,77009005558,7/5/2022,28,SY015
Mr,Ezra,Spencer,2792,81 Charlotte Villas,Gawood,HR5 5XW,77009005559,2/8/2022,10,SY034
Miss,Serenity,Huddleston,2793,119 Helland Bridge,Upper Farringdon,GU34 0JR,77009005564,7/5/2022,15,SY034
Mrs,Ludivine,De Villiers,2794,111 Monks Way,Eccleshall,KW6 9BH,77009005569,7/5/2022,21,SY050
Ms,Victoria,Sheeran,2797,39 Horsefair Green,Old Stratford,MK19 5YG,77009005589,11/7/2022,14,SY016
Ms,Summer,Gibson,2805,139 Roper Lane,Oakham,TR24 8EW,77009005595,6/7/2022,16,SY009
Miss,Manjit,Bastin,2810,13 Princes Street,Belton,TA5 0WZ,77009005596,7/5/2022,15,SY024
Ms,Kayleigh,Clark,2811,116 Hunter Street,Southwell,KA53 4QF,77009005611,7/5/2022,21,SY012
Mrs,Marshall,Wright,2814,68 Southend Avenue,Chalgrove,TA21 3XP,77009005623,4/9/2022,8,SY060
Mr,Alexander,Ashton,2817,141 Russell Road,Shillingford,OX10 9EQ,77009005624,7/7/2022,8,SY106
Ms,Agnetta,Zimmermann,2821,119 Bishop Street,Abergiar,SA40 0GX,77009005633,8/6/2022,21,SY116
Ms,Zara,Lee,2824,84 East Perth Croft,Lydford,SN5 7GN,77009005636,23/08/2022,10,SY070
Mr,Leyton,Roberts,2828,135 Meadowhead Road,Cumberhead,ML11 7SE,77009005638,6/6/2022,10,SY118
Mr,Caleb,Samuel,2830,126 Collingwood Place,Toppesfield,CO9 3JP,77009005642,28/05/2022,16,SY016
Mr,Jake,Clark,2835,2 Manor Gardens,Edmonstone,KW17 8QB,77009005643,24/07/2022,18,SY077
Mr,Bradley,Winstanley,2836,67 Abbey Mews,Loxton,BS8 6DD,77009005648,6/9/2022,10,SY024
Miss,Valentina,Castellanos,2847,100 Market Street,Axbridge,TN64 1YD,77009005661,14/05/2022,10,SY116
Mr,Inna,Travkin,2848,74 Wessex Street,Ascot,PO18 2BL,77009005666,25/08/2022,12,SY042
Mr,Theodore,Smith,2849,118 Cowley Gardens,Baldock,PA9 8JS,77009005667,19/05/2022,21,SY026
Mrs,Abigail,Bentley,2850,147 Rhuland Manor,Yarm,SN59 8RE,77009005668,11/7/2022,8,SY092
Miss,Mary,Schmidt,2852,130 Crescent Avenue,Drumachloy,PA20 6DN,77009005673,3/7/2022,8,SY020
Mr,Fernanda,Howard,2853,48 Herald Street,Kersey,AB41 7WY,77009005674,9/7/2022,21,SY044
Mr,Gurman,Kaur,2856,63 Tamerton Street,Bretton,CH4 2YG,77009005689,30/07/2022,9,SY054
Mr,Lucas,Walkington,2864,125 Roker Terrace,Wirksworth,EX37 9PZ,77009005693,14/05/2022,28,SY023
Mr,Adriana,Torres,2868,103 Bury Road,Cheshunt,TW10 4DT,77009005698,7/5/2022,12,SY069
Mr,William,Law,2869,114 Middle Street,Brinkburn,BB6 7BB,77009005727,7/5/2022,18,SY097
Ms,Ricardo,Campana,2871,42 West Lane,Kirkoswald,ML8 7PL,77009005741,25/07/2022,21,SY104
Ms,Laura,Walsh,2872,95 Armory Way,Milford,LL17 8RA,77009005757,18/08/2022,16,SY093
Ms,Tanya,Gilmour,2873,139 Scotsburn Road,Hartlepool,HS5 0QH,77009005759,14/05/2022,28,SY030
Mr,Kai,Joyce,2874,122 Claredale Street,Great Preston,LS26 3ZJ,77009005764,28/05/2022,10,SY094
Mr,Flynn,Marshall,2881,20 Geraldine Street,Marshfield,CF3 9GD,77009005767,9/6/2022,21,SY027
Mr,Anthony,Morrison,2886,3 Pomeroy Square,Ruckley,SY5 5SJ,77009005769,15/07/2022,14,SY083
Mr,Yusif,Mammadova,2888,6 Trehafod Road,Buckland Filleigh,EX21 9SF,77009005797,5/8/2022,7,SY067
Miss,Layla,Ali,2889,8 Carriers Road,Tewkesbury,TS24 3GF,77009005818,30/07/2022,10,SY053
Ms,Tomas,Mouledous,2893,65 Bridgewater Street,Taunton,SL3 2UE,77009005827,17/08/2022,16,SY057
Mrs,Sophie,Gordon,2897,109 Howland Road,Crediton,SO32 3JT,77009005834,14/05/2022,28,SY089
Ms,Sergej,Vidmar,2904,87 Blackwell Street,Southwell,KA26 8JF,77009005835,20/08/2022,10,SY108
Mr,Luke,Lamb,2905,90 Old Edinburgh Road,Tawton,PE9 2LB,77009005845,31/07/2022,14,SY074
Mr,Nathan,Boatman,2906,116 Bicknell Road,Bolton,BL1 7SX,77009005851,7/5/2022,16,SY068
Mrs,Ellie,Hobbs,2908,56 Perrott Street,Stratton,IV1 6DD,77009005856,4/8/2022,10,SY091
Mr,Gurpreet,Kaur,2919,136 Pitt Street,Saffron,SY6 9EN,77009005861,2/6/2022,10,SY037
Mrs,Maisie,Benson,2921,68 Blake Gardens,Wokingham,EX6 6PZ,77009005862,28/08/2022,10,SY077
Ms,Maya,Thompson,3384,131 Shakespeare Mews,Dalwood,EX13 1RQ,77009005869,15/05/2022,21,SY082
Ms,Otto,Schneider,2927,146 South Crescent,Petersfield,SA19 9GX,77009005873,17/05/2022,21,SY044
Ms,Scott,Kitchen,2929,123 Easterbrook Road,Bridgewater,LL13 5QZ,77009005881,6/6/2022,10,SY112
Ms,Roxana,Bravo,2930,19 Gonson Street,Glemsford,CO10 6ZP,77009005884,4/7/2022,10,SY068
Mr,Michael,Fisher,2935,51 Charnwood Street,Runswick,TS13 1RT,77009005897,4/7/2022,21,SY076
Mr,Bryson,Wells,2939,45 Rowan Terrace,Chatham,HP12 5EH,77009005898,8/7/2022,15,SY049
Mrs,Aurora,Lombardi,2944,100 North Promenade,Donnington,GL56 6UB,77009005911,14/08/2022,8,SY056
Ms,Niamh,Barber,2945,144 Moorhouse Road,Adwick,DE5 1BZ,77009005910,10/6/2022,14,SY003
Mr,Domokos,Stollar,2946,79 Marshall Street,Newport,LS17 8QD,77009005924,14/09/2022,10,SY052
Ms,Tyler,Cooper,2947,61 Carlton Drive,Oxted,PA76 8AX,77009005952,3/8/2022,10,SY012
Mr,Christopher,Farrell,2949,65 Wilton Villas,North Elmham,NR20 6NZ,77009005958,22/08/2022,12,SY005
Mr,Sebastian,Robinson,2950,142 Glebe Terrace,Farnborough,AB37 1XW,77009005959,5/7/2022,7,SY107
Mr,Louis,Cross,2951,33 Tilson Gardens,Porchester,TN21 9ZD,77009005962,5/7/2022,16,SY097
Mr,Jeremiah,Suleman,2956,102 Black Swan Court,Grimsby,DN32 0UR,77009005973,23/05/2022,7,SY043
Miss,Rachel,Powers,2959,92 Golden Knowes Road,Ottery,HP38 5RT,77009005972,19/09/2022,12,SY003
Mr,Liam,Downing,2960,122 Jedburgh Road,Letheringham,IP13 7AE,77009005975,14/06/2022,10,SY031
Mr,Gabriel,Robson,2962,101 Coborn Street,Bradford,KY15 9HB,77009005978,7/5/2022,16,SY085
Mr,Muhammad,Quinn,2964,131 William Road,Fearnhead,WA2 2NW,77009005987,10/6/2022,10,SY097
Mr,Gavin,Williams,2966,15 Avon Road,Saffron,SY17 7TE,77009005998,12/6/2022,10,SY048
Mr,Joseph,Montgomery,2985,109 Manor Close,Ditchley,OX8 4GD,77009006132,8/6/2022,12,SY057
Mr,Hamza,Akhtar,2986,23 Florence Terrace,Norham,TR20 6FT,77009006135,21/07/2022,18,SY014
Mr,Patrick,Clements,2991,111 Wrexham Road,Gawood,HR6 6HG,77009006141,7/5/2022,16,SY014
Mr,Josh,Terranova,2994,98 Churchill Walk,Derby,PA6 4DL,77009006171,26/08/2022,10,SY037
Miss,Lauren,Gill,2996,113 Nicholson Street,Hertford,S42 5UH,77009006175,17/05/2022,15,SY020
Mrs,Shannon,Skinner,3006,26 Ploughley Road,Tiptree Heath,CO5 7BD,77009006182,14/06/2022,12,SY051
Ms,Zoe,Davidson,1473,41 Taunton Place,Amersham,AM6 4DW,77009006183,10/8/2022,14,SY092
Mrs,Freya,Morgan,3017,70 Shannon Way,Chigwell,LL7 4AY,77009006192,21/08/2022,14,SY029
Ms,Zselyke,Fekete,3021,106 Eastmoor Street,Adderbury,BT11 3AB,77009006219,7/5/2022,10,SY004
Mr,Andrew,Hignett,3025,117 Henley Road,Bowthorpe,NR5 3UU,77009006221,4/6/2022,21,SY102
Mr,Logan,Holmes,3026,59 Grove Way,Walmer,SA69 7BH,77009006226,25/08/2022,15,SY020
Mr,Bushra,Mustafa,3031,115 Weir Road,Walpole Highway,PE2 6GN,77009006232,4/6/2022,15,SY019
Mr,Jack,Zellagui,3032,8 Oat Lane,Billericay,CM11 6PW,77009006233,4/8/2022,15,SY032
Ms,Maria Clara,Adderley,3034,69 Marcham Road,Montgomery,AB3 2UD,77009006234,4/9/2022,10,SY112
Ms,Patience,Hughes,3035,84 Randolph Street,Dunwich,IV37 3JW,77009006237,26/08/2022,10,SY053
Ms,Madison,Samuelson,3038,61 Woodland Crescent,Potsgrove,MK17 1XR,77009006254,18/07/2022,12,SY053
Mrs,Noreen,Ainscough,3040,7 Layburn Court,Epping,EP78 6BA,77009006259,23/08/2022,16,SY061
Ms,Annushka,Kozlovsky,3041,51 Ilchester Road,Brecon,KA18 3AY,77009006267,9/7/2022,14,SY052
Mr,Elijah,Poyser,3043,134 Fountain Court,Basingstoke,RG21 4JG,77009006269,31/05/2022,10,SY104
Mr,Zachary,Hammond,3045,98 Railway Cottages,Midhurst,PL14 7SP,77009006273,11/8/2022,15,SY025
Mr,Logan,Newton,3050,43 Park End Street,Runnymede,HR7 6XN,77009006288,28/07/2022,10,SY070
Ms,Remas,Ahmed,3054,126 Middleton Road,Horsley Cross,PE17 0JE,77009006319,20/06/2022,21,SY058
Miss,Sophie,Wiesinger,3057,37 Hanover Court,Warton,SA7 2YA,77009006359,25/05/2022,14,SY105
Mr,Jamie,Khan,3058,72 St Omers Road,Farnham,AH23 6YL,77009006363,18/08/2022,10,SY090
Ms,Manpreet,Mohammed,3068,139 Portsdown Road,Richmond,CA23 2XF,77009006364,31/05/2022,14,SY005
Dr,Sofia,Nixon,3069,67 Norfolk Road,Beetham,HR8 6PD,77009006367,26/08/2022,14,SY003
Mr,Jack,Davies,3072,77 Bishopgate Street,Seaton,SR7 6ZH,77009006372,9/9/2022,8,SY043
Mr,Henry,Rhodes,3074,125 Chalfont Avenue,Ely,CT4 7ZT,77009006374,7/6/2022,16,SY098
Ms,Sachita,Begum,3075,75 Baynes Court,Borrowfield,WR26 7GQ,77009006376,24/07/2022,14,SY028
Mr,Logan,Rasmussen,3077,119 Harper Street,Berkhamsted,HP34 1WZ,77009006382,25/05/2022,10,SY063
Ms,Aimee,Akhtar,3084,23 Nortoft Road,Grassholme,DL12 9ZJ,77009006395,7/7/2022,10,SY085
Mrs,Nazia,Begum,3088,77 Warwick Retreat,Chigwell,LL3 4UT,77009006397,12/7/2022,21,SY026
Mr,Adil,Harrak,3089,93 Glebe Street,Warwick,CV34 9JT,77009006414,19/08/2022,14,SY031
Mr,Paul,Gillespie,3090,90 Astell Street,Wigan,NR22 0ZR,77009006416,29/08/2022,16,SY007
Mr,Edward,Marsh,3092,52 Sussex Gardens,Kirdford,PH3 7NW,77009006433,7/8/2022,16,SY070
Mr,Corey,Cooper,1656,109 Pearson Street,Wirral,CH61 8SE,77009006452,23/05/2022,10,SY092
Mr,Sebastian,Contreras,3099,85 Streetone Street,Canworthy Water,PL13 4FW,77009006461,22/07/2022,10,SY036
Mr,Barminder,Kaur,3100,62 Murdoch Street,Buttington,SA23 0AH,77009006471,1/8/2022,10,SY045
Mr,Louis,Sanchez,3103,115 Hart Road,Oxted,PA11 6DP,77009006483,7/5/2022,10,SY027
Mr,Minato,Saito,3110,69 Alders Court,Farnborough,AB6 5HZ,77009006484,19/08/2022,8,SY018
Mr,Jude,Read,3111,102 Eton Road,Broughton,PH20 5XD,77009006489,28/05/2022,10,SY077
Mrs,Rebecca,Hall,3115,137 Midhurst Road,Sevenoaks,KW15 4TF,77009006495,22/07/2022,12,SY063
Mr,Kian,Hughes,3117,17 Shelton Street,Woodbridge,LD3 3ZY,77009006526,26/06/2022,10,SY114
Mr,Dylan,Nelson,3122,129 Northampton Place,Norton,IM7 2FB,77009006531,11/6/2022,21,SY091
Mr,Marcello,Rossi,3124,93 Berkeley Road,Neath,GL54 9HJ,77009006534,16/08/2022,10,SY054
Mr,George,Rooney,3127,52 Sydney Close,Maidstone,DG3 9EW,77009006535,19/09/2022,7,SY056
Mr,Vladimir,Belinsky,3129,57 Cresset Road,Hedingham,WN4 0UQ,77009006530,12/8/2022,16,SY016
Mr,Lucas,Rose,3131,50 Saffron Hill,Petersfield,SA12 4NW,77009006539,5/8/2022,16,SY098
Miss,Sydney,Langton,3133,67 York Hill,Benfleet,NR13 1UH,77009006592,27/07/2022,14,SY027
Ms,Olivia,Shuttleworth,3138,61 Gloddaeth Street,Birch Heath,CW6 6HE,77009006595,23/07/2022,7,SY054
Mr,Imogen,Platt,3140,83 St Denys Road,Totnes,NA19 9SE,77009006639,12/8/2022,10,SY102
Miss,Alexia,Blanchard,3141,5 Acacia Road,Bledington,SO18 6XE,77009006645,20/06/2022,28,SY115
Ms,Rosie,Harding,3143,109 Wager Street,Moretonhampstead,SO43 6HU,77009006647,7/5/2022,16,SY070
Mr,Henri,Schmit,3144,42 Warren Street,West Hallam,DE7 9YX,77009006651,14/07/2022,14,SY118
Ms,Thomas,Loveridge,3145,8 Pine Valley,Oakengates,TF2 2LE,77009006675,5/8/2022,10,SY040
Mr,Sean,Gallagher,3146,100 Champion Park,Chester,PE7 7UZ,77009006676,7/5/2022,15,SY003
Mr,Friedrich,Neumann,3148,147 Elmley Street,Raglan,KY17 5YG,77009006678,26/05/2022,15,SY032
Mr,Yuuto,Kubo,3159,29 Lower Bore Street,Epping,EP45 0FZ,77009006684,5/7/2022,7,SY012
Mr,Evan,Vincent,3160,31 Halkin Mews,Charlton Musgrove,BA9 3XT,77009006688,9/7/2022,10,SY084
Mrs,Rachel,Brookes,3167,31 Coley Street,Blackpool Gate,CA6 2RA,77009006699,9/7/2022,21,SY001
Ms,Lina,Mertens,3168,45 Clasper Way,Hersden,CT3 0SR,77009006739,29/06/2022,18,SY021
Mr,Jack,McDonald,3173,47 Pinhoe Road,Holton Heath,BH32 5RD,77009006743,14/07/2022,12,SY050
Mr,Reece,Hunt,3175,123 Beaumont Avenue,Basingstoke,BS30 0YL,77009006745,7/5/2022,14,SY119
Ms,Shirley,Gardner,3177,97 Drayton Terrace,Durham,IP22 9PU,77009006761,5/9/2022,14,SY119
Mr,Harrison,Carpenter,3178,2 Cunnery Road,Aldbrough,TN3 4LH,77009006762,27/06/2022,8,SY082
Mr,Niall,Ciuca,3180,30 Norland Road North,Brecon,KA6 0UR,77009006763,6/7/2022,14,SY114
Mr,Theodore,Cunningham,3182,116 Coomer Mews,Upper Burgate,SP11 1XT,77009006785,22/05/2022,21,SY031
Mr,Dario,Guerrero,3183,148 Mercer Street,Oxted,PA18 7GT,77009006787,8/8/2022,7,SY020
Mrs,Taylor,Bannister,3188,49 Manning Place,Farnham,AH10 7XU,77009006794,14/07/2022,21,SY017
Mr,Joshua,Montebello,3191,81 Burton Place,Bangor,DD7 4SN,77009006813,16/09/2022,7,SY118
Mr,Christopher,Clark,3193,99 Stainsby Place,Depden,DN12 0YE,77009006818,21/08/2022,8,SY097
Mrs,Hannah,Fletcher,3194,52 Esterbrooke Street,Weeford,WS14 9UT,77009006819,31/07/2022,10,SY044
Mr,Kabir,Sharma,3196,3 Leicester Place,Starford,DE74 9RX,77009006832,22/08/2022,7,SY024
Mr,Daib,Mohamed,3200,12 Kingswood Road,Forder Green,PE13 3LF,77009006834,7/5/2022,12,SY053
Ms,Leah,Tyler,3202,40 Oldfield Road,Hadleigh,NG14 3FL,77009006833,26/07/2022,10,SY081
Mr,Billy,Rahman,3206,118 West Tussell Causeway,Belvoir,HG10 1EP,77009006839,4/6/2022,16,SY058
Ms,Carolina,Menendez,3208,85 Shenfield Street,Wallinford,PH2 9BS,77009006855,24/07/2022,21,SY035
Miss,Olivia,Wheeler,3210,91 Winchester Walk,Penshurst,ME29 5QE,77009006858,4/9/2022,14,SY022
Mr,Kevin,Woodall,3216,73 Christchurch Road,Pershore,PE17 3XA,77009006885,23/08/2022,7,SY043
Mr,Ryan,Randall,3217,54 Charlotte Mews,Scunthorpe,IV4 4LG,77009006893,30/07/2022,10,SY072
Mr,Sean,Kirk,3218,125 Witney Way,Kirkton,TD22 9ZH,77009006895,30/05/2022,10,SY049
Miss,Holly,Dunne,3220,31 Hampton Court Road,Spalding,PE11 7SU,77009006899,8/6/2022,21,SY022
Ms,Nerida,Aguilar,3224,108 Asfordby Road,Ashburton,AB0 7AJ,77009006922,4/6/2022,10,SY062
Mr,Leo,Micu,3225,5 Grafton Mews,East Calder,EH53 8EA,77009006923,23/07/2022,8,SY049
Mr,Carlos,Hernandez,3229,145 Twotrees Avenue,Hadfield,SK36 0QR,77009006926,13/07/2022,21,SY107
Mr,Egor,Kuznetsov,3233,100 Souterhead Road,Bolstone,LA12 1QW,77009006935,29/05/2022,10,SY113
Mrs,Amelia,Booth,3237,60 Ramsgate Road,Willington Corner,CW6 0RS,77009006936,5/8/2022,18,SY076
Mr,Carl,Hind,3239,15 Cavell Street,Cleeve,SA34 0WZ,77009006944,28/06/2022,28,SY025
Mr,Arjun,Singh,3244,122 Frances Street,Hatton,SY48 2NY,77009006946,19/05/2022,10,SY053
Mrs,Gabriela,Brady,3246,62 Harrington Road,Leiston,AB15 9RU,77009006954,19/07/2022,8,SY015
Mrs,Maria,Rodriguez,3247,23 Wren Street,Ludgershall,AB54 8GP,77009006982,29/06/2022,14,SY019
Mr,Waleed,Khoury,3249,69 Romilly Street,Billinghame,RH25 6BZ,77009006969,14/08/2022,7,SY052
Mr,Kieran,Ahmed,3250,38 Arlington Way,Byland,YO4 9BT,77009006983,30/06/2022,16,SY078
Mr,Harry,Shanahan,3259,116 Peace Street,Stoughton,PO18 5NE,77009006973,24/05/2022,7,SY005
Mr,Jing,Dong,3260,64 Ashmole Street,Wantage,SP71 7EZ,77009006989,15/08/2022,10,SY022
Mr,Peter,Hargreaves,3265,34 Princess Mews,Kempsford,LA9 5WZ,77009006991,30/06/2022,14,SY022
Mr,Declan,Van Horne,3270,142 Hawes Street,Ryde,PR2 0SE,77009007113,17/05/2022,12,SY022
Mr,Rashpal,Tamboli,3271,135 College Row,Hayfield,KW14 0FX,77009007128,13/07/2022,7,SY109
Mr,Benjamin,Joyner,3272,131 St Nicholas Street,Horsley Cross,PE11 7LG,77009007138,17/05/2022,16,SY007
Mrs,Erin,Bell,3276,14 Calverley Walk,Depden,DN20 5LW,77009007139,23/05/2022,10,SY076
Ms,Maya,Ball,3280,25 Felix Street,Castor,NR14 7ZH,77009007148,19/07/2022,8,SY082
Mrs,Rosie,Wright,3283,55 Ashburnham Road,Stonehouse,SK13 6GP,77009007155,15/08/2022,14,SY107
Mr,Owen,Yassin,3285,64 Darsham Place,Beaminster,DH6 5QD,77009007157,7/7/2022,10,SY108
Mr,Aaden,Lafferty,3288,72 Alexandra Drive,Totnes,NA53 5AY,77009007163,8/8/2022,8,SY054
Mr,Helmut,Schmidt,3290,3 Abbotswell Road,Wantage,SP3 4RU,77009007167,1/7/2022,12,SY048
Ms,Danielle,Ward,3291,27 Primrose Street,Watford,IV55 2QL,77009007176,20/07/2022,10,SY096
Mr,Caleb,Levine,3292,78 Dewey Road,Kirkoswald,ML4 8PL,77009007175,3/8/2022,21,SY117
Ms,Sofia,Peacock,3293,119 Eaton Close,Egremount,ER12 5AJ,77009007194,27/05/2022,14,SY097
Mrs,Magdalena,Schuster,3294,101 Brooklands Park,Shaftesbury,EH6 7BH,77009007222,21/05/2022,15,SY025
Mr,Francesco,Sorrentino,3295,14 Globe Court,Rackenford,BD16 4WY,77009007228,3/7/2022,8,SY033
Miss,Tiago,Oliveira,3298,84 Darwin Place,Crantock,TR8 8WQ,77009007229,8/8/2022,8,SY050
Dr,Rachel,Adams,3301,97 Caxton Street,Broughton,PH22 2QZ,77009007234,9/8/2022,18,SY071
Mr,Luca,Galambos,3303,16 Chester Cottages,Kirkton,TD9 8SQ,77009007237,9/6/2022,28,SY004
Mr,Jordan,Gordon,3306,26 Tasker Road,Brancaster,RG27 6QX,77009007247,25/07/2022,8,SY095
Mrs,Eve,Harvey,3314,103 Chester Terrace,Darley,SY23 3JW,77009007243,14/05/2022,18,SY095
Ms,Abbie,Miller,3316,131 Bramshaw Road,Herford,EX9 1WX,77009007245,2/6/2022,21,SY070
Mr,Reuben,Green,3317,113 Dorset Street,Lavenham,IM6 2HW,77009007271,23/05/2022,20,SY014
Mr,Dragos,Bal,3321,146 Newell Street,Hutingdon,AB6 3QX,77009007277,27/06/2022,15,SY024
Mr,Micky,McCormick,3322,126 Dean Street,Coleshill,B46 9NT,77009007299,10/5/2022,8,SY010
Mrs,Niamh,Cole,3331,45 Cadogan Gardens,Alfreton,SP3 3ZJ,77009007321,25/06/2022,28,SY093
Mr,Thato,Smith,3338,132 Elm Gardens,Heath End,KT22 5FT,77009007334,7/5/2022,28,SY066
Ms,Ava,Gallagher,3344,55 Windsor Grove,Bramber,DY14 3RH,77009007343,6/8/2022,12,SY089
Mr,Brandon,Miles,3345,68 Union Terrace,Borrowfield,WR8 8NX,77009007361,12/7/2022,8,SY080
Mr,Hayden,Banks,3348,126 Charles Street,Colliton,EX3 7WW,77009007373,24/05/2022,10,SY068
Ms,Rory,Woollard,3349,19 Drummond Street,Tavistock,GL18 1XR,77009007375,14/06/2022,8,SY036
Mr,Kayode,Oluwusi,3350,22 Wellington Terrace,Bakewell,PB8 6JE,77009007379,5/7/2022,14,SY100
Mrs,Elizabeth,Frost,3353,14 Gatonby Street,Campden,DG11 0UZ,77009007384,22/05/2022,12,SY024
Mr,Ellis,Marshall,3354,143 Annfield Road,Baynards Green,OX6 9RY,77009007386,30/05/2022,16,SY042
Mrs,Woong,Namkung,3356,125 Ponsford Street,Stratton,IV7 5UR,77009007396,2/6/2022,10,SY012
Mr,Shaun,Peretti,3358,146 Atwood Road,Chigwell,LL22 8BT,77009007412,6/6/2022,21,SY025
Mrs,Holly,Adams,3361,43 Condray Street,Kersey,AB33 7YY,77009007418,7/7/2022,21,SY072
Mrs,Emily,Hutchinson,3363,95 Lawfranc Road,Penshurst,ME33 0JE,77009007422,14/08/2022,10,SY074
Mr,Jayden,Adams,3364,59 Rosemary Gardens,Burnley,AB31 5QN,77009007423,3/8/2022,16,SY073
Mr,Aaron,Hughes,3368,90 Lambeth Mews,Maidstone,DG7 0LL,77009007432,5/9/2022,10,SY090
Mrs,Samantha,West,3372,143 Carolina Place,Rowsham,HP22 5BJ,77009007433,7/6/2022,10,SY099
Mr,Dominic,Marshall,3373,50 Cyprus Place,Loxton,BS26 8PH,77009007451,23/07/2022,10,SY090
Mr,Ashleigh,Parry-Okeden,3374,120 Lansdowne Road,Wembworthy,SK18 4PN,77009007456,7/5/2022,21,SY049
Mrs,Rachael,Fatima,3378,73 Holgate Road,Radbourne,DE6 3RZ,77009007467,21/07/2022,16,SY030
Ms,Jade,Tucker,1873,106 Padfield Street,Lostwithiel,PL15 6HP,77009007469,7/5/2022,16,SY092
Mr,Tyler,Melton,3388,23 Fenwick Court,Hatton,SY23 2ER,77009007478,31/07/2022,21,SY109
Mrs,Terri-Ann,Nuttall,3390,116 Parkhill Place,Wirral,CH46 0YQ,77009007483,13/06/2022,8,SY043
Mr,Rhys,Lamb,3392,29 Borthwick Street,Newmarket,LN3 1QG,77009007487,6/8/2022,8,SY082
Mr,Mathias,Ostberg,3397,80 Southwark Grove,Bungay,AT41 3BX,77009007494,31/08/2022,10,SY116
Mrs,Eva,Henry,3399,122 Kingsway North,Hollinswood,TF9 5UB,77009007495,6/6/2022,10,SY073
Mr,Max,Murray,3413,104 Glencoe Terrace,Brinkburn,BB7 0UJ,77009007513,7/5/2022,10,SY109
Mr,Ashleigh,Hughes,3421,93 Alford Place,Horsley Cross,PE9 0HY,77009007528,20/08/2022,10,SY069
Mr,Nathan,Ellis,3423,60 Lascelles Street,Thetford,AB38 8AT,77009007542,10/7/2022,14,SY079
Ms,Spencer,Reed,3425,16 Herbert Grove,Richmond,CA27 5WG,77009007552,4/6/2022,14,SY115
Mrs,Nikita,Vasin,3427,6 Dobins Court,Eckington,NG32 6SG,77009007553,31/07/2022,12,SY049
Ms,Phoebe,Adams,3428,74 Downsbury Road,Aldeburgh,TN14 7DF,77009007554,19/07/2022,10,SY074
Mrs,Cerys,Wood,3429,22 Haslemere Road,Eastleigh,SN50 4QY,77009007559,16/07/2022,8,SY008
Mr,James,Poole,3430,135 Nicholsen Quay,Berkeley,GL13 9FF,77009007563,25/06/2022,10,SY070
Ms,Libby,Godfrey,3432,117 Bayswater Road,Caerphilly,CP33 6HT,77009007565,28/05/2022,16,SY084
Mr,Leonardo,Middleton,3433,34 Victoria Road,Hurley,NE14 8XG,77009007561,1/7/2022,10,SY027
Mr,Charles,Holden,1923,45 Caroline Terrace,Ilchester,PA8 2AW,77009007579,24/08/2022,10,SY092
Mrs,Salma,Begum,3441,58 Nightingale Lane,Cleeve,SA19 7BD,77009007581,28/07/2022,8,SY067
Ms,Honour,Dunbar,3443,120 Main Road,Forest Hall,NE12 0WE,77009007582,5/6/2022,21,SY069
Mr,Lewis,Burnell,3450,124 Patcham Terrace,Buttington,SA5 3ZR,77009007618,11/6/2022,21,SY020
Mr,Daewon,Ali,3452,46 Wade Lane,Sandbank,PA23 9LA,77009007636,26/06/2022,16,SY117
Mr,Mason,Lewis,3459,55 Chamberlain Cottages,Oswestry,PA31 1NQ,77009007637,10/8/2022,10,SY078
Mr,Jeremias,Brathwaite,3460,22 Gainsborough Road,Longton,PR4 9TN,77009007647,23/06/2022,21,SY014
Ms,Alisha,Oliver,3462,31 John Fisher Street,Great Haywood,ST45 5JT,77009007662,21/05/2022,8,SY013
Mr,Daniel,Parsons,3467,22 Woodstock Mews,Epping,EP35 0YX,77009007666,24/07/2022,18,SY024
Mr,Muhammad,Shah,3469,142 Hendford Hill,Brandon,HR2 7TZ,77009007672,21/06/2022,10,SY119
Ms,Jodie,McKenzie,3473,41 Dorian Street,Tynemouth,IV17 3AN,77009007675,22/08/2022,10,SY048
Mr,Paul,Bradley,3480,87 Gerrard Road,Sandbank,PA23 9XJ,77009007689,4/8/2022,10,SY036
Mr,Michael,Benson,3485,2 Church Way,Leiston,AB55 4DR,77009007681,17/06/2022,14,SY054
Mr,Tom,Phillips,3487,101 Homer Parc,Chorley,CY7 9XQ,77009007692,7/5/2022,10,SY090
Mr,Toby,Vickers,3488,105 Mounthoolie Lane,Kirdford,PH12 4SQ,77009007723,18/05/2022,10,SY109
Mr,Ethan,Winfield,3490,49 Beacon Lane,Bampton,BM43 1QL,77009007736,19/07/2022,8,SY046
Ms,Maya,Dawson,3491,71 Corsham Street,Morecambe,PA15 8EH,77009007732,18/08/2022,18,SY088
Mr,Hans,Berger,3497,28 Stoneleigh Place,Berkhamsted,HP9 1YA,77009007735,29/07/2022,10,SY003
Mrs,Joanne,Clough,3499,42 Weston Rise,Plympton,ML8 9PT,77009007734,9/8/2022,7,SY003
Miss,Maaike,Kamara,3502,67 Hazel Grove,Sutton,DN17 0AE,77009007738,30/08/2022,14,SY107
Mr,Spencer,Martinez,3504,51 Ockham Road,Eastleigh,SN16 8AS,77009007742,11/7/2022,10,SY067
Mr,Patrick,Adams,2008,130 Castlands Road,Twyning Green,GL20 1WL,77009007746,10/6/2022,21,SY092
Ms,Grace,Dean,3511,22 Argyll Street,Sherborne,FY6 6WW,77009007761,6/6/2022,10,SY080
Mr,Francois,Auger,3512,100 Haggerston Road,Bangor,DD54 3RU,77009007775,14/05/2022,14,SY113
Ms,Anna,Simmons,3513,112 Leopold Street,Herford,EX44 7DB,77009007797,29/05/2022,14,SY008
Ms,Zoe,Baxter,3517,3 Bingham Street,Bickerton,SY14 1XT,77009007798,7/7/2022,15,SY004
Mrs,Ana Maria,Guardado,3525,36 Banks Street,Hilmarton,SN11 9TR,77009007812,9/8/2022,8,SY060
Ms,Lara,Reynolds,3526,124 Bodieve Road,Wootton,OX20 3TG,77009007822,7/7/2022,7,SY088
Ms,Lorena,Gladstone,3527,137 Seaford Road,Furness,TA10 1DB,77009007825,7/6/2022,15,SY053
Mr,Ruben,Vanderplank,3544,147 Winchester Road,Caerphilly,CP30 8UX,77009007827,6/7/2022,10,SY038
Ms,Poppy,May,3548,102 Cavendish Avenue,Upper Elkstone,SK17 3FX,77009007829,22/05/2022,10,SY003
Mrs,Bella,Dunn,3549,121 Forster Close,Selby,PE7 2BP,77009007831,28/05/2022,10,SY101
Mrs,Mihaela,Lungu,3553,81 Caradon Hill,Buttington,SA22 8XF,77009007832,3/8/2022,14,SY026
Mr,Elias,Sutherland,3555,19 Harley Mews South,Abingdon,PA11 9SJ,77009007833,5/7/2022,28,SY102
Ms,Nazam,Hamza,3556,78 Sycamore Gardens,Alnwick,AB51 8TJ,77009007835,10/8/2022,8,SY027
Mrs,Zuzka,Jelinek,3557,46 Axminster Road,Gayhurst,MK16 7QG,77009007836,13/08/2022,18,SY002
Mr,Kai,Allen,3563,17 Wells Way,West Challow,OX12 8YD,77009007837,4/7/2022,16,SY096
Ms,Naresh,Bi,3568,73 Tonbridge Road,Sandwich,LN11 0XE,77009007841,8/8/2022,15,SY030
Mr,Gabriel,Newton,3569,45 Copthorne Way,Starford,DE26 6YW,77009007842,21/07/2022,12,SY097
Miss,Momoka,Miyamoto,3570,62 Codrington Street,Binsted,GU34 0TH,77009007856,22/08/2022,10,SY033
Mr,Oscar,Kumar,3573,83 Falcon Court,Clachtoll,IV27 0GS,77009007865,17/08/2022,16,SY064
Dr,Elliot,Curtis,3574,34 Britannia Street,Sleaford,YO22 0WU,77009007866,13/07/2022,14,SY070
Mr,Patrick,Clements,3576,143 South Western Terrace,Walden,DT11 2DR,77009007868,15/06/2022,14,SY001
Mr,Ryan,Thornton,2110,4 Great Bath Street,Latimer,HP37 4ZN,77009007869,31/07/2022,10,SY092
Mr,Arnaud,Calapod,3580,54 Emerson Road,Kinton,SY4 4GW,77009007878,12/7/2022,20,SY023
Mr,Charles,Browning,3584,90 Carey Street,Crockerton,BA12 7AF,77009007872,9/9/2022,10,SY106
Dr,Kimberly,Colbert,3588,23 Prospect Place,Morecambe,PA22 7RT,77009007881,23/07/2022,10,SY037
Mr,Harvey,Ryan,3590,44 Bramcote Grove,Little Linford,MK19 0WA,77009007883,5/7/2022,10,SY039
Mr,Alfie,Lane,3591,71 Lyndhurst Terrace,Walsingham,PH15 5ZP,77009007898,20/08/2022,15,SY078
Mr,Jay,Cook,2358,75 Love Lane,Gunnerton,NE48 1GZ,77009007899,19/09/2022,10,SY092
Mr,George,Cookson,3599,31 Lairg Road,Belvoir,HG14 6PL,77009007914,23/06/2022,18,SY007
Mr,Jabir,Mohammad,3607,141 Foxes Lane,Galmpton,TQ7 1XY,77009007915,21/06/2022,21,SY057
Miss,Pei-shan,Liau,3609,138 Quay Street,Herford,EX67 9AE,77009007931,23/06/2022,8,SY061
Mrs,Aaliyah,Yates,3611,128 Ely Cottages,Portsmouth,ZE2 7TU,77009007934,7/5/2022,15,SY037
Ms,Tahlia,Auricht,3613,18 Huntly Street,Bampton,BM48 2PX,77009007939,24/05/2022,21,SY051
Mr,Isaac,Lees,3616,144 Lancelot Road,Waltham,PE37 9NB,77009007936,10/7/2022,10,SY098
Mr,Sarbjit,Mishra,3617,145 Viscount Street,Bakewell,PB29 7QT,77009007949,18/06/2022,8,SY055
Mr,Blake,Mayer,3618,95 Canning Cross,Kendal,SP7 6ES,77009007955,23/08/2022,10,SY047
Mr,Rodrigo,Santos,3619,62 Fairfield Grove,Porthallow,PL13 5RD,77009007957,9/8/2022,10,SY011
Mrs,Shannon,Wilkins,3626,7 Friar Street,Hitchin,ST34 4RP,77009007966,3/8/2022,18,SY097
Mr,Adam,Watkins,3634,150 Hilditch Street,Wrotham,BN23 8QF,77009007976,10/7/2022,16,SY081
Mrs,Charlotte,Johnson,3636,120 Petersham Terrace,Egton Bridge,YO21 5RA,77009007985,20/06/2022,10,SY017
Mr,Parker,Trott,3646,84 Becher Place,Alford,GL51 3JD,77009007987,26/07/2022,10,SY007
Mrs,Ella,Western,3650,142 Plough Lane,Marsham,AB8 4RH,77009007989,25/05/2022,14,SY045
Mr,Edward,Browne,3652,82 Blenheim Gardens,Sutton,DN22 8AY,77009007998,28/07/2022,12,SY071
Mr,Dominik,Salvik,3659,114 Temple Way,Winthorpe,PA24 0BS,77009008144,21/05/2022,10,SY041
Mrs,Palmina,Romano,3667,67 Crestfield Street,Abergavenny,TN21 8FG,77009008148,4/7/2022,12,SY036
Mr,William,Alexander,3674,138 Norman Road,Portloe,TR2 0TH,77009008162,14/06/2022,21,SY089
Miss,Yuetung,Cheng,3677,34 Alexandra Grove,Stratton,IV4 3PR,77009008164,11/6/2022,10,SY067
Mr,Boris,Shepherd,3681,121 Mission Place,Whitefield,PH13 0QR,77009008161,5/6/2022,14,SY063
Ms,Clementine,Dupont,3682,58 Shore Street,Stonehouse,SK1 8GP,77009008168,30/08/2022,7,SY118
Ms,Robert,Carey,3683,91 Scarcroft Road,Portloe,TR2 3FS,77009008175,31/07/2022,10,SY025
Miss,Salma Noreen,Carradice,3693,34 Purdy Street,Middleham,SP11 2PA,77009008184,9/5/2022,14,SY105
Mr,Nicholas,Ahmed,3700,48 Johnson Street,Colliton,EX12 8EY,77009008185,25/06/2022,10,SY079
Mr,Jude,Fletcher,3701,115 Unwin Place,Compton,RG20 2DF,77009008188,7/6/2022,16,SY077
Mr,Haruka,Okada,3703,105 Chelsea Grove,Penshurst,ME19 5BT,77009008196,23/05/2022,14,SY112
Ms,Ryan,Coleman,3704,150 Prestwick Road,Bangor,DD10 6JA,77009008213,14/07/2022,22,SY116
Mr,Joel,Allan,3706,134 Prospect Hill,Wayford,BA4 9EG,77009008220,4/6/2022,14,SY093
Mr,Nigel,Maxwell,3708,76 Vicar Lane,Sandrocks,RH17 4XU,77009008221,24/08/2022,10,SY038
Dr,Marcelo,Navarro,3709,109 Romer Avenue,Ryde,PR9 4UU,77009008222,13/06/2022,14,SY106
Mr,Adam,Clark,3872,30 Lytham Street,Porchester,TN5 4XP,77009008223,19/07/2022,12,SY092
Mr,Aidan,Murphy,3716,130 Boldero Street,Laverstock,SP1 2LQ,77009008231,18/05/2022,28,SY010
Mr,Luke,Ali,3717,136 Woodlands Way,Durham,IP6 3GG,77009008232,7/5/2022,28,SY074
Mr,Matthew,Clarke,3727,118 Malcolm Road,Lostwithiel,PL19 0RE,77009008241,1/6/2022,18,SY052
Mr,Ewan,Moore,3728,96 Scotswood Road,Norton,IM 5EL,77009008248,17/08/2022,10,SY080
Mrs,Cerys,Campbell,3729,39 Lilestone Street,Wells,FK20 8JP,77009008256,21/08/2022,14,SY112
Mr,Ethan,Partington,3731,14 Willow Place,Shillingford,OX31 6XA,77009008253,11/7/2022,10,SY033
Mr,Vincent,Shelby,3734,83 Harecourt Road,Brassington,DL5 5LA,77009008271,22/08/2022,12,SY049
Mrs,Jade,Howarth,3737,112 Campbell Road,Bakewell,PB13 6FB,77009008272,28/05/2022,16,SY088
Mr,Luke,Goulbourn,3738,36 Montague Place,Chippenham,DG11 7JH,77009008281,21/08/2022,10,SY109
Miss,Shagufta,Caldararu,3740,135 Exeter Street,Warton,SA62 9BR,77009008285,18/05/2022,20,SY037
Mr,Ellis,Fleming,3747,148 Chartham Road,Hatfield,ML44 8EH,77009008317,24/05/2022,21,SY035
Mr,Zachary,Khoury,3753,15 Chivers Cottages,Farnham,AH2 0NR,77009008322,22/06/2022,8,SY048
Mr,Christopher,Highton,3759,92 Bullwood Road,Portishead,PL27 8XX,77009008327,12/8/2022,21,SY044
Mrs,Vanessa,Jones,3765,58 Windmill Drive,Stratton,IV66 7RT,77009008335,26/06/2022,21,SY103
Ms,Samuel,Speakman,3766,113 Rectory Road,Marsham,AB7 3AY,77009008348,14/05/2022,12,SY055
Mrs,Miyu,Nakagawa,3771,96 Burton Grove,Hemingford Grey,PE18 3UG,77009008352,30/07/2022,10,SY059
Miss,Marisol,Salas,3772,110 Devonshire Road,Chemsford,PA14 3FQ,77009008353,25/08/2022,10,SY037
Mr,Mohammed,Fleming,3774,3 Dover Road,Pershore,PE17 0WH,77009008356,27/06/2022,18,SY083
Mr,Anahera,Gillespie,3777,61 Rudd Street,Shipton Green,PO20 4QG,77009008367,13/07/2022,20,SY019
Mr,Ross,Ciobanu,3782,114 Hounslow Road,Snitter,NE65 9FQ,77009008371,9/5/2022,15,SY038
Mrs,Donatella,Simoncelli,3784,39 Earlham Street,Ellwood,GL16 6DE,77009008372,30/07/2022,10,SY001
Mr,Sean,Barlow,3787,87 Haverfield Road,Beaconsfield,BC13 7EG,77009008378,16/08/2022,14,SY001
Mr,Logan,Thomas,3788,102 Ponteland Road,Craydon,LS17 6PH,77009008379,14/05/2022,10,SY032
Mr,Bryson,Sutherland,1617,118 Prince Albert Road,Welbeck,PH11 1ZW,77009008385,14/05/2022,14,SY110
Mrs,Isabel,Joyce,3794,82 Kennington Lane,Lovell,DG22 0WP,77009008396,26/08/2022,16,SY086
Ms,Georgia,Dragomir,3801,56 Nottingham Place,Kenilworth,KN21 6RS,77009008416,3/7/2022,8,SY055
Mr,Daniel,Dixon,1674,149 Palmerston Drive,Willington Corner,CW10 0PU,77009008425,28/05/2022,10,SY110
Mr,Zachary,Jackson,3803,143 Scrimshire Lane,Penshurst,ME9 6QZ,77009008456,2/7/2022,10,SY077
Mr,Adam,Sweeney,3804,15 Egerton Drive,Catterick,DG4 9HL,77009008477,1/7/2022,14,SY003
Miss,Lucarina,Simmons,3805,39 Rawson Street,Norton,IM7 1UL,77009008478,13/06/2022,10,SY028
Ms,Lily,Hamilton,3807,7 Oakley Crescent,Buckfast,RG9 3PJ,77009008485,2/8/2022,16,SY085
Miss,Shannon,Western,3810,117 Cranberry Street,Flackwell Heath,HP10 8FU,77009008487,4/6/2022,16,SY017
Mr,Muhammad,Richards,3815,2 Rowland Road,Sevenoaks,KW2 0BN,77009008488,9/7/2022,14,SY095
Mr,Jake,Kelly,3816,3 Station Road,Rackenford,BD10 6BP,77009008493,1/8/2022,10,SY083
Mr,James,Weston,3817,101 St Dunstans Street,Waterside,HP5 7AA,77009008518,15/05/2022,10,SY046
Mr,Mohammad,Bryning,3819,149 Drysdale Street,Nailbridge,GL17 5EG,77009008525,27/05/2022,14,SY054
Mr,Julian,Wagner,3820,60 Botley Road,Tamworth,LA24 9GP,77009008534,11/7/2022,16,SY055
Ms,Rajinder,Begum,3822,55 Carlyon Gardens,Hewas Water,LL33 9HP,77009008556,27/08/2022,8,SY060
Mr,Sebastien,Shehab,3825,71 Colorado Way,Wenlock,SA34 3NN,77009008568,15/06/2022,28,SY059
Mr,Dean,Matei,3826,133 Grange Grove,Witherenden Hill,PH19 5AP,77009008575,19/06/2022,15,SY107
Mr,Alan,Hayes,3827,83 Stroud Road,Oaksey,KY16 9DX,77009008574,16/08/2022,16,SY019
Mr,Javier,De Vargas,3828,141 New Church Street,Latimer,HP7 5BE,77009008578,2/7/2022,10,SY023
Mr,Alois,Hoffmann,3830,7 Cedarne Road,Ashfield Green,HP21 3WU,77009008585,11/9/2022,10,SY005
Mr,Nathaniel,Henderson,3832,82 Canal View,Worthing,BH21 4PD,77009008586,4/8/2022,10,SY017
Mrs,Molly,Compton,3833,61 Cranbrook Terrace,Broughton Moor,CA42 7LL,77009008588,20/08/2022,14,SY104
Mr,Daniel,Nielson,3837,6 Newport Road,Preston,CT81 9GF,77009008593,7/8/2022,10,SY064
Mr,Billy,Sinclair,3841,93 Weston Walk,Compton,RG9 4BT,77009008599,9/8/2022,14,SY099
Mrs,Seo-yeon,Khang,3842,1 Christchurch Way,Holt,NR25 4BD,77009008615,7/5/2022,21,SY106
Mr,Juliano,Musson,3851,143 Crown Street,Dunmow,NP25 5DG,77009008624,14/06/2022,12,SY002
Mr,Yousef,Zaher,3852,4 Tonsley Street,Denbigh,AB31 5WP,77009008628,18/07/2022,10,SY029
Mr,Bailey,Whittle,3853,93 Felix Lane,Wallinford,PH23 2SY,77009008631,30/08/2022,10,SY017
Mr,Jayden,Buck,3854,85 Consort Road,Milford,LL20 0NG,77009008639,25/08/2022,10,SY022
Mr,Vijay,Bi,3855,141 Telford Street,Bardney,NG6 8ZL,77009008646,15/07/2022,28,SY106
Mrs,Andrea,Davies,3856,32 Glebe Road,Heath End,KT9 4NJ,77009008647,3/8/2022,10,SY038
Mr,Ryan,Jacobson,3858,17 North Road,Nethertown,KW1 2HH,77009008649,21/07/2022,20,SY041
Mr,Lucas,Purchall,3860,9 Glenurquhart Road,Framlingham,CA5 7HG,77009008653,8/8/2022,8,SY023
Ms,Shannon,Priestley,3862,100 Harrogate Road,Ruskie,FK8 5LR,77009008663,7/5/2022,15,SY002
Mrs,Rebecca,Bergeron,3865,78 New Castle Street,Woodside,WV15 4ZH,77009008665,11/8/2022,14,SY051
Mr,Peter,Edwards,3866,15 Lawless Street,Lower Withington,SK11 9QJ,77009008667,29/08/2022,12,SY056
Mr,Ivar,Koa,2166,18 Brynglas Road,Egremount,ER8 1GJ,77009008668,7/6/2022,21,SY110
Mrs,Fatima,Begum,2504,39 Bagford Street,East Leigh,EX17 7UZ,77009008692,23/07/2022,14,SY110
Miss,Mercedes,Franklyn,3880,127 Wartnaby Road,Adamhill,KA1 9PD,77009008697,7/5/2022,10,SY114
Mr,Harrison,Carpenter,3884,121 Coast Road,Kirkton,TD33 3PD,77009008698,7/5/2022,8,SY044
Mr,Joshua,Pelletier,3886,98 Catherine Place,Upend,CB8 5AG,77009008721,12/9/2022,8,SY027
Mr,Luke,Copeland,3890,58 Ireton Road,Walpole Highway,PE14 6HZ,77009008759,3/8/2022,10,SY021
Mrs,Kate,Stephens,3892,81 Queen Street,Hulne,NE3 0GZ,77009008762,19/08/2022,14,SY081
Mr,Abraham,Friedman,3893,17 Marlborough Crescent,Shillingford,OX1 6LQ,77009008766,27/06/2022,28,SY101
Mr,Fernanda,Wainwright,3896,95 Lowndes Mews,East Tilbury,RM18 0PR,77009008794,17/08/2022,7,SY119
Mr,Jamaal,Akhtar,3898,18 Bell Street,Caerphilly,CP31 2ZW,77009008811,10/6/2022,10,SY032
Mrs,Elise,Howe,3899,89 Hudson Street,Beetham,HR16 6QA,77009008823,9/7/2022,14,SY099
Mr,Liam,Schofield,3901,137 Jesmond Road,Chichester,BD17 0XZ,77009008828,23/07/2022,15,SY020
Mr,Guilherme,Tucker,3908,140 Earlstoke Villas,Lichfield,SG19 3TH,77009008837,17/05/2022,14,SY114
Mr,Araceli,Martnez,3910,99 Spilman Street,Goudhurst,TN17 6WL,77009008847,18/08/2022,20,SY039
Ms,Sam,Adams,3913,25 York Way,Newstead,BB10 8FY,77009008856,7/7/2022,28,SY111
Mr,Alex,Leach,3917,87 East Havard Bay,Wednesbury,SN14 5EX,77009008869,4/9/2022,12,SY078
Mr,Graham,Kelly,3920,66 Artillery Lane,Galmpton,TQ19 9NS,77009008883,12/7/2022,21,SY040
Miss,Joanne,Hutchinson,3922,114 The Paddock,Compton,RG33 3DP,77009008891,27/06/2022,10,SY106
Mr,Jack,Tomlinson,3924,7 Digby Road,Kinsham,IV8 1RX,77009008894,3/7/2022,20,SY028
Mr,Miguel,Casilla,3929,26 Hermitage Wall,Bolstone,LA2 1DS,77009008899,6/6/2022,10,SY103
Mr,Giovanna,Esposito,3930,91 Station Terrace,Netley,CF83 4PD,77009008911,5/9/2022,10,SY004
Miss,Jessica,Menendez,3937,35 Tadcaster Road,Morecambe,PA2 4TA,77009008919,5/6/2022,10,SY059
Mrs,Mollie,Bull,3940,17 Fenton Street,Forest Hall,NE2 8RH,77009008926,7/7/2022,10,SY094
Mr,David,Urbeliene,3941,54 Topsham Road,Raglan,KY8 2JH,77009008929,15/08/2022,14,SY118
Mr,Toby,Young,3942,64 Redcliffe Way,Kempsford,LA15 9XH,77009008931,12/8/2022,16,SY077
Mr,Arran,Howell,3944,61 East Street,Bridport,DN2 1ZN,77009008942,26/07/2022,11,SY050
Mr,Jack,Osborne,3946,62 Kennings Way,Depden,DN29 3WF,77009008947,23/08/2022,14,SY076
Dr,Zoe,Roberts,3949,122 Heath Street,Drayton,PL20 4QL,77009008948,13/06/2022,21,SY088
Mrs,Seth,Windle,3950,143 Garratt Lane ,Winchburgh,CA20 8SH,77009008955,25/05/2022,15,SY027
Mr,Mason,Purdy,3955,110 Grange Road,Hedingham,WN13 6LU,77009008965,14/05/2022,14,SY101
Mr,Henry,Pendleton,3956,97 Hindhead Road,Banbury,GU4 4HX,77009008977,18/08/2022,14,SY023
Mr,Josh,Perry,3957,84 Cavendish Road West,Calcott,CT3 6WW,77009009111,25/08/2022,7,SY051
Mr,Alejandro,Torres,3961,6 Nash Street,Kellington,CB14 2RE,77009009113,11/8/2022,10,SY005
Ms,Lily,Pearce,3968,52 Deancross Street,Morwick Hall,NE65 8WZ,77009009116,30/07/2022,10,SY075
Mr,Tyler,Byrne,3969,9 Barlow Cottages,Bampton,BM78 0AS,77009009133,28/07/2022,10,SY099
Mr,Anthony,Hyde,3972,100 Broad Street,Horsham,SA62 2EY,77009009136,7/5/2022,14,SY078
Mr,Bradley,Munnelly,3973,39 Arctic Street,Finchale,DL10 2DX,77009009147,16/06/2022,10,SY103
Mrs,Felicia,Meyer,2541,22 Dunmow Road,Hartlepool,HS28 4PT,77009009146,13/07/2022,10,SY110
Ms,Taylor,Barrett,3981,118 Denmark Place,Belvoir,HG4 7SQ,77009009152,22/05/2022,8,SY038
Mrs,Lara,Brown,3982,9 Baldock Street,Newtonhill,AB3 2LT,77009009162,17/08/2022,16,SY095
Ms,Rebecca,Ferguson,3984,73 Fraserburgh Road,Yaxley,PE6 6PG,77009009166,30/07/2022,10,SY087
Ms,Molly,Bishop,3988,50 Rugby Street,Northallterton,PR42 1PZ,77009009168,29/07/2022,8,SY029
Ms,Abbie,Archer,3989,146 Clarendon Close,Kinsham,IV1 1SX,77009009176,30/06/2022,8,SY081
Mr,Harrison,Wiesinger,3991,44 Pendwyallt Road,Ashburton,AB65 8BU,77009009214,10/9/2022,9,SY056
Ms,Crystal,Huang,3992,105 Shirley Street,Sevenoaks,KW6 4ZW,77009009249,7/5/2022,21,SY047
Mrs,Leah,Browne,4001,89 Chester Way,Winchelsea,HS6 0AT,77009009256,26/08/2022,12,SY094
Mr,Charlie,Moss,4002,60 Cambridge Crescent,Netley,CF19 3UP,77009009262,2/8/2022,16,SY090
Mr,Pasqual,Bartolomucci,4003,69 Penton Mews,Beeston,EC1N 2HW,77009009267,9/8/2022,14,SY047
Mrs,Ellie,Curtis,4006,112 Hopetown Street,Bridport,DN5 6YA,77009009273,7/5/2022,8,SY082
Mr,Jack,Fergusson,4011,95 Daniel Gardens,Nerston,G74 6RU,77009009286,26/09/2022,8,SY056
Ms,Imogen,Allen,4012,138 Garden Terrace,Witherenden Hill,PH54 2FH,77009009295,27/06/2022,8,SY097
Miss,Adele,Bannister,4013,113 Windsor Terrace,Hutton Wandesley,YO 6WW,77009009315,8/6/2022,8,SY046
Mr,Jameson,Tiebas,4014,91 Beaconsfield Walk,Salford,SY7 4EJ,77009009316,20/09/2022,8,SY018
Mr,Leon,Turner,4015,60 City Walls Road,Clouston,KW16 7TU,77009009317,10/8/2022,8,SY046
Mr,Akito,Watanabe,4017,147 Holland Road,Hollinswood,TF3 2DT,77009009319,13/06/2022,15,SY030
Mr,Maverick,Sullivan,4021,117 Denham Lane,Ashingdon,PA16 1TS,77009009321,7/5/2022,15,SY033
Mr,Riley,Sharp,4024,108 Southernhay Gardens,Dereham,NG12 1DD,77009009336,7/5/2022,7,SY110
Miss,Sabrina,Meek,4028,12 Long Street,Montgomery,AB13 0AQ,77009009341,26/05/2022,15,SY055
Mr,Dayita,Singh,4029,149 Eaton Cottages,Malmesbury,DD8 4DF,77009009342,21/07/2022,10,SY033
Mr,Tarquin,Marchant,3868,59 Gloucester Road,Clapham,LA2 1AA,77009009354,24/08/2022,10,SY110
Mr,Giovanna,Astel,4033,140 Wheatley Street,Ellerton,BS12 0DZ,77009009356,14/05/2022,10,SY035
Mr,Leon,Davies,4040,119 Cheney Street,Loughborough,SA12 6FA,77009009365,12/6/2022,10,SY008
Mrs,Amber,Coates,4041,123 Gower Place,Hartlepool,HS6 7UY,77009009387,22/05/2022,10,SY034
Mrs,Rhiannon,Moore,4047,45 Warner Close,Hadfield,SK23 1WE,77009009396,25/07/2022,18,SY016
Mr,Brandon,Birtwhistle,4053,25 Whiston Road,Denhead,DD2 7SH,77009009397,5/8/2022,10,SY107
Ms,Anna,McDonald,4055,66 Argyll Road,Forest Hall,NE1 7DJ,77009009398,2/8/2022,21,SY100
Mrs,Eleanor,Watkins,4058,101 Fortress Walk,Overbister,KW17 4BJ,77009009432,7/5/2022,16,SY083
Mr,George,Horton,4062,36 Calderwood Street,Hedingham,WN6 0ZU,77009009433,13/06/2022,20,SY087
Mr,James,Rushton,4069,125 Misborne Avenue,Galmpton,TQ12 0YZ,77009009443,29/05/2022,21,SY107
Mr,Faizan,Shazad,4030,18 Thurloe Street,Bampton,BM12 3LS,77009009447,29/06/2022,14,SY110
Mr,Henry,Chamberlain,4075,77 Donne Place,Rowberrow,BS25 5FE,77009009448,30/08/2022,14,SY083
Miss,Rachel,Francis,4076,98 Bayton Rise,Wroxeter,GY2 0GT,77009009458,26/07/2022,14,SY013
Mr,Anthony,O'Neill,4077,130 Dartmouth Hill,Midhurst,PL5 7LQ,77009009455,23/05/2022,10,SY083
Miss,Mikayla,Bishop,4084,24 Alba Place,Newton Poppleford,EX10 9NS,77009009459,4/6/2022,15,SY021
Mr,Kyle,Doyle,4090,16 Market Row,Eckington,NG38 5SZ,77009009478,2/6/2022,21,SY083
Mr,Louis,Ahmed,4092,72 Lincoln Street,Great Haywood,ST18 5ER,77009009482,21/07/2022,10,SY080
Mr,Daniel,Anderson,4107,69 Chilton Street,Calton,ST10 9DY,77009009493,11/8/2022,14,SY045
Mrs,Alisha,Adams,4111,27 Overton Circle,Little Town,CA12 0BZ,77009009525,10/7/2022,12,SY075
Mr,Jaydon Andrew,Clarkson,4115,132 Mansfield Street,Chale Green,PO38 9GB,77009009521,24/05/2022,15,SY040
Ms,Rhiannon,Meyer,4116,127 Clarence Terrace,Northallterton,PR9 9AJ,77009009547,7/5/2022,14,SY117
Mr,Jacob,Nguyen,4117,79 Front Street,Knowhead,AB43 8QP,77009009551,25/08/2022,7,SY045
Mr,Stephen,Vickers,4121,47 Osborne Road,Ancaster,GL54 3FG,77009009557,1/7/2022,8,SY061
Mr,Bobby,Hardman,4122,34 Balfour Street,Finchale,DL63 5GB,77009009558,10/7/2022,8,SY053
Miss,Tessa,Codling,4127,32 Albion Avenue,Dunwich,IV51 8AB,77009009561,15/06/2022,10,SY029
Ms,Wang,Chen,4128,125 Nith Street,Witherenden Hill,PH36 5HD,77009009566,7/5/2022,21,SY048
Mr,Kayden,Baomer,4130,86 Napier Road,Kirdford,PH31 1UX,77009009568,2/8/2022,10,SY062
Mrs,Melissa,Franklyn,4132,136 Mill Lane,Caerphilly,CP23 1UN,77009009575,7/5/2022,21,SY036
Miss,Lucy,Drake,4144,61 Ely Place,Marsham,AB54 8YQ,77009009581,4/8/2022,21,SY066
Mr,Anouk,Baumgartner,4145,60 Langford Mews,Folkingham,TA3 6TA,77009009614,11/9/2022,10,SY002
Miss,Polly,Matzinger,4148,111 Regent Place,Baldock,PA20 4DP,77009009615,8/6/2022,21,SY113
Mr,Morgan,McCarthy,4149,51 Iolaire Road,Otterburn,NE13 8TY,77009009617,25/07/2022,8,SY094
Miss,Magnolia,Boundy,4152,150 Overhill Gardens,Milton Coldwells,AB41 5FQ,77009009628,15/07/2022,14,SY003
Mr,Ben,Hoher,4156,84 Hercules Street,Pickering,PA31 8NU,77009009638,22/08/2022,18,SY026
Mrs,Rebecca,Lee,4159,33 Angel Walk,Ashwick,WF17 8XN,77009009639,7/7/2022,10,SY089
Mr,Charles,Sharma,4165,67 Oceana Close,Bishopstone,TF25 3AL,77009009641,14/08/2022,14,SY012
Ms,William,Womack,4166,35 Iffley Road,Broadway,SA33 8EP,77009009645,5/7/2022,10,SY035
Mr,George,Archer,4171,50 Newmarket Road,Hawkhurst,TN18 3EQ,77009009663,18/06/2022,21,SY105
Mr,Jayden,Sanders,4173,131 Brushwood Street,Penshurst,ME2 1DG,77009009662,26/06/2022,14,SY098
Mrs,Elizabeth,Norris,4175,37 Gifford Street,Fotheringhay,LE17 8BB,77009009664,29/06/2022,8,SY072
Ms,Megan,Thornton,4178,128 Merthyr Road,Northallterton,PR18 5QG,77009009672,7/6/2022,16,SY094
Miss,Ruth,Pirvu,4183,139 Ormsby Place,Wallinford,PH20 8DX,77009009676,11/6/2022,10,SY119
Mr,Jonathan,Baldwin,4185,65 Allington Road,Woburn,DG5 0RA,77009009685,7/8/2022,12,SY081
Mr,Stephen,Fraser,4188,96 Netherpark Crescent,Compton,RG10 5DW,77009009686,30/08/2022,8,SY069
Mr,Scott,Guildford,4189,24 Chudleigh Street,Latimer,HP3 9HD,77009009693,1/7/2022,14,SY054
Mr,Ewelina Zofia,Devi,4190,133 Holly Mount,Summerfield,PE31 6JE,77009009713,28/06/2022,14,SY069
Mr,Andrew,Shidane,4197,125 Edensor Gardens,Preston,CT67 0LL,77009009714,20/06/2022,10,SY052
Ms,Yui,Nakamura,4202,78 Bacton Street,Tunstall,IP12 9FD,77009009722,28/07/2022,16,SY068
Mr,Alexandra,Taylor,4204,115 Roman Road,Brougham,PH11 4RW,77009009724,20/05/2022,16,SY069
Mr,Joe,Hammond,4213,60 Portia Road,Tynemouth,IV22 9UW,77009009727,25/07/2022,21,SY022
Mr,Adam,Burton,4220,59 Chancellor Grove,Wokingham,EX16 2NG,77009009739,5/8/2022,14,SY008
Ms,Yasmin,Gardiner,4222,110 Traill Street,Repton,AB38 2PP,77009009741,17/05/2022,21,SY090
Mr,Harvey,Newman,4231,124 Elia Street,Chirbury,PE23 6SS,77009009746,14/05/2022,15,SY099
Mrs,Olivia,Thomas,4233,95 Gibson Cottages,Sleaford,YO7 8LR,77009009764,16/09/2022,10,SY045
Mr,Dietiker,Berger,4235,25 Castledore Road,Chirbury,PE32 6XX,77009009768,19/06/2022,10,SY021
Mrs,Courtney,Freeman,4238,48 Parvin Street,Porchester,TN27 0RU,77009009769,14/08/2022,7,SY082
Mr,Kai,Collins,4242,144 Harehills Lane,Roybridge,PH31 5BL,77009009773,14/06/2022,12,SY005
Mr,Patrick,Clapp,4243,96 Trevanion Road,Malton,CM33 2HW,77009009785,4/9/2022,10,SY103
Mr,Kamaljeet,Butaru,4244,75 Forsyth Road,Holywell,BN20 7GE,77009009818,12/8/2022,10,SY049
Mr,Carter,Raynard,4253,119 Foxes Dale,Grimethorpe,S72 6TR,77009009827,23/05/2022,21,SY002
Ms,Zainab,Shammas,4255,57 Clarendon Rise,Sudbury,IP28 3WA,77009009828,12/8/2022,7,SY106
Mr,Kamogelo,Mahlangu,4256,78 Neville Street,Ashton,DG7 8FE,77009009834,1/8/2022,15,SY039
Mr,Adam,Atkinson,4260,80 Palace Street,Lytham,FY8 4RD,77009009845,21/08/2022,18,SY072
Ms,Marcos,Ramirez  ,4263,1 Dewport Street,Weycroft,EX13 3NP,77009009847,7/5/2022,8,SY060
Mr,Jayna,Singh,4265,73 Alexander Road,Lidgate,CB8 5NH,77009009853,18/08/2022,14,SY101
Mr,Jack,Noble,4266,95 Whitchurch Road,Ellerton,BS21 8TT,77009009859,9/7/2022,16,SY013
Mr,Louis,Brown,4267,39 Eastmoor Place,Ravenglass,RG64 6ZW,77009009863,29/08/2022,14,SY063
Mr,Cameron,Griffiths,4271,116 Camelot Street,Stonehouse,SK9 5SP,77009009864,12/6/2022,21,SY109
Ms,Katherine,Wong,4273,73 Old Chapel Road,Gatcombe,PO30 1ZQ,77009009883,23/07/2022,12,SY093
Miss,Shannon,Evans,4276,7 Henrietta Place,Saffron,SY20 8NN,77009009893,24/07/2022,7,SY010
Mr,Gerald,Hanks,4278,68 Elmwood Close,Northallterton,PR11 9QX,77009009895,9/9/2022,14,SY020
Mr,Kurtis,Stott,4281,66 George Street,Iver Heath,SL0 9WR,77009009917,9/8/2022,7,SY001
Mr,Josie,Tidmarsh,4289,46 York Road,Oulston,YO11 4TJ,77009009918,15/07/2022,10,SY022
Mr,Sebastian,Kaufmann,4290,36 Murray Street,Latimer,HP5 1SQ,77009009916,30/06/2022,14,SY017
Mr,Andrew,Atkins,4295,105 White Lion Street,Beetham,HR4 6JS,77009009923,21/05/2022,21,SY078
Mr,William,White,4297,81 Litcham Street,Ascot,PO15 4SP,77009009943,8/8/2022,10,SY093
Ms,Sukhpreet,Gupta,4298,33 Stamford Street,Totnes,NA27 6NU,77009009945,7/7/2022,21,SY005
Mr,Callum,Stewart,4300,98 Ponder Street,Kemsley,ME10 5BA,77009009948,9/8/2022,15,SY059
Mr,Lewis,Lawrence,4301,92 High Street,Knaresborough,SY30 0SD,77009009974,7/9/2022,10,SY094
Mr,Jakob,Enger,4303,129 Grafton Road,Spalding,PE11 5TN,77009009981,29/05/2022,14,SY048
Mr,Benjamin,Goossens,4304,39 Globe Road,Walden,DT23 6HD,77009009987,22/07/2022,14,SY114
Mr,Logan,Richardson,4308,127 Whiterock Road,Tattershall,AB41 5FB,77009009988,4/6/2022,28,SY009
Ms,Thomas,Clark,4310,83 Caerfai Bay Road,Fotheringhay,LE18 2UZ,77009009992,31/07/2022,20,SY108
